1,27475,jup_collection_bundle_dune_mastery,,,2,,,,27476|29158,0
1,27476,jup_collection_bundle_dune_1002,,,1,,1002,49345,,0
1,29158,jup_collection_bundle_dune_2080,,,1,,2080,53450,,0
2,29159,jup_collection_bundle_warhammer_mastery,,,3,,,,29162|29163|29165,0
2,29162,jup_collection_bundle_warhammer_2003,,,1,,2003,53454,,0
2,29163,jup_collection_bundle_warhammer_2002,,,1,,2002,53453,,0
2,29165,jup_collection_bundle_warhammer_2007,,,1,,2007,53455,,0
3,29160,jup_collection_bundle_japanesefood_mastery,,,2,,,,29166|29167,0
3,29166,jup_collection_bundle_japanesefood_2041,,,1,,2041,53452,,0
3,29167,jup_collection_bundle_japanesefood_2036,,,1,,2036,53451,,0
