25543,jup_weekly_ch_s0_mp_w1_d1_revenge_kills,CHALLENGE/JUP_CH_WEEKLY_CHALLENGE_COMPLETED,CHALLENGE/JUP_CH_WEEKLY_REVENGE_KILLS_DESC,5,2500,,0,1,MP,1699466400,1701881999,1699466400,1701881999,0,
25542,jup_weekly_ch_s0_mp_w1_d2_ar_charlie_kills,CHALLENGE/JUP_CH_WEEKLY_CHALLENGE_COMPLETED,CHALLENGE/JUP_CH_WEEKLY_AR_CHARLIE_KILLS_DESC,20,5000,,0,1,MP,1699466400,1701881999,1699466400,1701881999,0,
25541,jup_weekly_ch_s0_mp_w1_d2_silenced_ar_kills,CHALLENGE/JUP_CH_WEEKLY_CHALLENGE_COMPLETED,CHALLENGE/JUP_CH_WEEKLY_SILENCED_AR_KILLS_DESC,20,5000,,0,1,MP,1699466400,1701881999,1699466400,1701881999,0,
25540,jup_weekly_ch_s0_mp_w1_d2_scoped_ar_kills,CHALLENGE/JUP_CH_WEEKLY_CHALLENGE_COMPLETED,CHALLENGE/JUP_CH_WEEKLY_SCOPED_AR_KILLS_DESC,15,5000,,0,1,MP,1699466400,1701881999,1699466400,1701881999,0,
25539,jup_weekly_ch_s0_mp_w1_d3_sliding_kills,CHALLENGE/JUP_CH_WEEKLY_CHALLENGE_COMPLETED,CHALLENGE/JUP_CH_WEEKLY_SLIDING_KILLS_DESC,10,7500,,0,1,MP,1699466400,1701881999,1699466400,1701881999,0,
25538,jup_weekly_ch_s0_mp_w1_d3_ar_charlie_headshots,CHALLENGE/JUP_CH_WEEKLY_CHALLENGE_COMPLETED,CHALLENGE/JUP_CH_WEEKLY_AR_CHARLIE_HEADSHOTS_DESC,15,7500,,0,1,MP,1699466400,1701881999,1699466400,1701881999,0,
25537,jup_weekly_ch_s0_mp_w1_d4_sniper_triple_kills,CHALLENGE/JUP_CH_WEEKLY_CHALLENGE_COMPLETED,CHALLENGE/JUP_CH_WEEKLY_SNIPER_TRIPLE_KILLS_DESC,1,10000,,0,1,MP,1699466400,1701881999,1699466400,1701881999,0,
15305,jup_aa_s0_w1_dmz_0,,,1,,,0,1,DMZ,1699466400,1701881999,1699466400,1701881999,0,
15306,jup_aa_s0_w1_dmz_1,,,1,,,0,1,DMZ,1699466400,1701881999,1699466400,1701881999,0,
15307,jup_aa_s0_w1_dmz_2,,,1,,,0,1,DMZ,1699466400,1701881999,1699466400,1701881999,0,
15308,jup_aa_s0_w1_dmz_3,,,1,,,0,1,DMZ,1699466400,1701881999,1699466400,1701881999,0,
15309,jup_aa_s0_w1_dmz_4,,,1,,,0,1,DMZ,1699466400,1701881999,1699466400,1701881999,0,
15310,jup_aa_s0_w1_dmz_5,,,1,,,0,1,DMZ,1699466400,1701881999,1699466400,1701881999,0,
15311,jup_aa_s0_w1_dmz_6,,,1,,,0,1,DMZ,1699466400,1701881999,1699466400,1701881999,0,
15313,jup_aa_s0_w1_zm_0,CHALLENGE/JUP_CH_WEEKLY_CHALLENGE_COMPLETED,JUP_OB_WEEKLY/JUP_OB_WEEKLY_KILLS_DESC,250,2500,,0,1,ZM,1699466400,1701881999,1699466400,1701881999,0,
15314,jup_aa_s0_w1_zm_1,CHALLENGE/JUP_CH_WEEKLY_CHALLENGE_COMPLETED,JUP_OB_WEEKLY/JUP_OB_WEEKLY_AR_CHARLIE_KILLS_DESC,100,5000,,0,1,ZM,1699466400,1701881999,1699466400,1701881999,0,
15315,jup_aa_s0_w1_zm_2,CHALLENGE/JUP_CH_WEEKLY_CHALLENGE_COMPLETED,JUP_OB_WEEKLY/JUP_OB_WEEKLY_SILENCED_AR_KILLS_DESC,100,5000,,0,1,ZM,1699466400,1701881999,1699466400,1701881999,0,
15316,jup_aa_s0_w1_zm_3,CHALLENGE/JUP_CH_WEEKLY_CHALLENGE_COMPLETED,JUP_OB_WEEKLY/JUP_OB_WEEKLY_SCOPED_AR_KILLS_DESC,150,5000,,0,1,ZM,1699466400,1701881999,1699466400,1701881999,0,
15317,jup_aa_s0_w1_zm_4,CHALLENGE/JUP_CH_WEEKLY_CHALLENGE_COMPLETED,JUP_OB_WEEKLY/JUP_OB_WEEKLY_PHD_FLOPPER_KILLS_DESC,30,7500,,0,1,ZM,1699466400,1701881999,1699466400,1701881999,0,
15318,jup_aa_s0_w1_zm_5,CHALLENGE/JUP_CH_WEEKLY_CHALLENGE_COMPLETED,JUP_OB_WEEKLY/JUP_OB_WEEKLY_AR_CHARLIE_CRITS_DESC,150,7500,,0,1,ZM,1699466400,1701881999,1699466400,1701881999,0,
15319,jup_aa_s0_w1_zm_6,CHALLENGE/JUP_CH_WEEKLY_CHALLENGE_COMPLETED,JUP_OB_WEEKLY/JUP_OB_WEEKLY_MEDIUM_OR_HIGH_THREAT_KILLS_DESC,200,10000,,0,1,ZM,1699466400,1701881999,1699466400,1701881999,0,
15321,jup_aa_tracker_s0_w1,,CHALLENGE/JUP_CH_WEEKLY_W1_TRACKER_DESC,5,,23996,0,1,WeeklyTracker,1699466400,1701881999,1699466400,1701881999,0,22975+22971+48995+48996+48997+48998+48999+49000+2462
14643,jup_aa_tracker_season_0,,CHALLENGE/JUP_CH_WEEKLY_SEASONAL_TRACKER_DESC,4,,46050,0,0,SeasonTracker,1697821200,1701881999,1665391906,1698962959,0,
15612,jup_weekly_ch_s0_mp_w2_d1_assists,CHALLENGE/JUP_CH_WEEKLY_CHALLENGE_COMPLETED,CHALLENGE/JUP_CH_WEEKLY_ASSISTS_DESC,10,2500,,0,2,MP,1700071200,1701881999,1700071200,1701881999,0,
25544,jup_weekly_ch_s0_mp_w2_d2_moving_kills,CHALLENGE/JUP_CH_WEEKLY_CHALLENGE_COMPLETED,CHALLENGE/JUP_CH_WEEKLY_MOVING_KILLS_DESC,25,5000,,0,2,MP,1700071200,1701881999,1700071200,1701881999,0,
25545,jup_weekly_ch_s0_mp_w2_d2_jup_jp08_lm_qbravo95lsw_ads_kills,CHALLENGE/JUP_CH_WEEKLY_CHALLENGE_COMPLETED,CHALLENGE/JUP_CH_WEEKLY_JUP_JP08_LM_QBRAVO95LSW_ADS_KILLS_DESC,20,5000,,0,2,MP,1700071200,1701881999,1700071200,1701881999,0,
25546,jup_weekly_ch_s0_mp_w2_d2_ar_ads_kills,CHALLENGE/JUP_CH_WEEKLY_CHALLENGE_COMPLETED,CHALLENGE/JUP_CH_WEEKLY_AR_ADS_KILLS_DESC,20,5000,,0,2,MP,1700071200,1701881999,1700071200,1701881999,0,
25547,jup_weekly_ch_s0_mp_w2_d3_jup_jp08_lm_qbravo95lsw_hipfire_kills,CHALLENGE/JUP_CH_WEEKLY_CHALLENGE_COMPLETED,CHALLENGE/JUP_CH_WEEKLY_JUP_JP08_LM_QBRAVO95LSW_HIPFIRE_KILLS_DESC,20,7500,,0,2,MP,1700071200,1701881999,1700071200,1701881999,0,
25548,jup_weekly_ch_s0_mp_w2_d3_ar_hipfire_kills,CHALLENGE/JUP_CH_WEEKLY_CHALLENGE_COMPLETED,CHALLENGE/JUP_CH_WEEKLY_AR_HIPFIRE_KILLS_DESC,20,7500,,0,2,MP,1700071200,1701881999,1700071200,1701881999,0,
16624,jup_weekly_ch_s0_mp_w2_d4_collateral_kills,CHALLENGE/JUP_CH_WEEKLY_CHALLENGE_COMPLETED,CHALLENGE/JUP_CH_WEEKLY_COLLATERAL_KILLS_DESC,3,10000,,0,2,MP,1700071200,1701881999,1700071200,1701881999,0,
15435,jup_aa_s0_w2_dmz_0,,,1,,,0,2,DMZ,1700071200,1701881999,1700071200,1701881999,0,
15436,jup_aa_s0_w2_dmz_1,,,1,,,0,2,DMZ,1700071200,1701881999,1700071200,1701881999,0,
15437,jup_aa_s0_w2_dmz_2,,,1,,,0,2,DMZ,1700071200,1701881999,1700071200,1701881999,0,
15438,jup_aa_s0_w2_dmz_3,,,1,,,0,2,DMZ,1700071200,1701881999,1700071200,1701881999,0,
15439,jup_aa_s0_w2_dmz_4,,,1,,,0,2,DMZ,1700071200,1701881999,1700071200,1701881999,0,
15440,jup_aa_s0_w2_dmz_5,,,1,,,0,2,DMZ,1700071200,1701881999,1700071200,1701881999,0,
15441,jup_aa_s0_w2_dmz_6,,,1,,,0,2,DMZ,1700071200,1701881999,1700071200,1701881999,0,
15442,jup_aa_s0_w2_zm_0,CHALLENGE/JUP_CH_WEEKLY_CHALLENGE_COMPLETED,JUP_OB_WEEKLY/JUP_OB_WEEKLY_CONTRACTS_DESC,5,2500,,0,2,ZM,1700071200,1701881999,1700071200,1701881999,0,
15443,jup_aa_s0_w2_zm_1,CHALLENGE/JUP_CH_WEEKLY_CHALLENGE_COMPLETED,JUP_OB_WEEKLY/JUP_OB_WEEKLY_HELLHOUND_KILLS_DESC,25,5000,,0,2,ZM,1700071200,1701881999,1700071200,1701881999,0,
15444,jup_aa_s0_w2_zm_2,CHALLENGE/JUP_CH_WEEKLY_CHALLENGE_COMPLETED,JUP_OB_WEEKLY/JUP_OB_WEEKLY_AR_HIPFIRE_KILLS_DESC,100,5000,,0,2,ZM,1700071200,1701881999,1700071200,1701881999,0,
15445,jup_aa_s0_w2_zm_3,CHALLENGE/JUP_CH_WEEKLY_CHALLENGE_COMPLETED,JUP_OB_WEEKLY/JUP_OB_WEEKLY_AR_CRITS_DESC,100,5000,,0,2,ZM,1700071200,1701881999,1700071200,1701881999,0,
15446,jup_aa_s0_w2_zm_4,CHALLENGE/JUP_CH_WEEKLY_CHALLENGE_COMPLETED,JUP_OB_WEEKLY/JUP_OB_WEEKLY_BR_KILLS_WITH_4_PERKS__DESC,125,7500,,0,2,ZM,1700071200,1701881999,1700071200,1701881999,0,
15447,jup_aa_s0_w2_zm_5,CHALLENGE/JUP_CH_WEEKLY_CHALLENGE_COMPLETED,JUP_OB_WEEKLY/JUP_OB_WEEKLY_BR_HVT_KILLS_DESC,3,7500,,0,2,ZM,1700071200,1701881999,1700071200,1701881999,0,
15448,jup_aa_s0_w2_zm_6,CHALLENGE/JUP_CH_WEEKLY_CHALLENGE_COMPLETED,JUP_OB_WEEKLY/JUP_OB_WEEKLY_10_KILLS_WITHOUT_BEING_HIT_DESC,10,10000,,0,2,ZM,1700071200,1701881999,1700071200,1701881999,0,
15420,jup_aa_tracker_s0_w2,,CHALLENGE/JUP_CH_WEEKLY_W2_TRACKER_DESC,5,,34103,0,2,WeeklyTracker,1700071200,1701881999,1700071200,1701881999,0,49002+49003+49004+49005+49006+49007+49008+49009+23084+23081
15620,jup_weekly_ch_s0_mp_w3_d1_headshots,CHALLENGE/JUP_CH_WEEKLY_CHALLENGE_COMPLETED,CHALLENGE/JUP_CH_WEEKLY_HEADSHOTS_DESC,15,2500,,0,3,MP,1700676000,1701881999,1700676000,1701881999,0,
25549,jup_weekly_ch_s0_mp_w3_d2_akimbo_kills,CHALLENGE/JUP_CH_WEEKLY_CHALLENGE_COMPLETED,CHALLENGE/JUP_CH_WEEKLY_AKIMBO_KILLS_DESC,20,5000,,0,3,MP,1700676000,1701881999,1700676000,1701881999,0,
15626,jup_weekly_ch_s0_mp_w3_d2_assault_kills,CHALLENGE/JUP_CH_WEEKLY_CHALLENGE_COMPLETED,CHALLENGE/JUP_CH_WEEKLY_ASSAULT_KILLS_DESC,20,5000,,0,3,MP,1700676000,1701881999,1700676000,1701881999,0,
25550,jup_weekly_ch_s0_mp_w3_d2_smg_hipfire_kills,CHALLENGE/JUP_CH_WEEKLY_CHALLENGE_COMPLETED,CHALLENGE/JUP_CH_WEEKLY_SMG_HIPFIRE_KILLS_DESC,20,5000,,0,3,MP,1700676000,1701881999,1700676000,1701881999,0,
25551,jup_weekly_ch_s0_mp_w3_d3_point_blank_smg_kills,CHALLENGE/JUP_CH_WEEKLY_CHALLENGE_COMPLETED,CHALLENGE/JUP_CH_WEEKLY_POINT_BLANK_SMG_KILLS_DESC,15,7500,,0,3,MP,1700676000,1701881999,1700676000,1701881999,0,
25552,jup_weekly_ch_s0_mp_w3_d3_melee_smg_kills,CHALLENGE/JUP_CH_WEEKLY_CHALLENGE_COMPLETED,CHALLENGE/JUP_CH_WEEKLY_MELEE_SMG_KILLS_DESC,5,7500,,0,3,MP,1700676000,1701881999,1700676000,1701881999,0,
25553,jup_weekly_ch_s0_mp_w3_d4_5_smg_kills_without_dying,CHALLENGE/JUP_CH_WEEKLY_CHALLENGE_COMPLETED,CHALLENGE/JUP_CH_WEEKLY_5_SMG_KILLS_WITHOUT_DYING_DESC,1,10000,,0,3,MP,1700676000,1701881999,1700676000,1701881999,0,
15668,jup_aa_s0_w3_dmz_0,,,1,,,0,3,DMZ,1700676000,1701881999,1700676000,1701881999,0,
15669,jup_aa_s0_w3_dmz_1,,,1,,,0,3,DMZ,1700676000,1701881999,1700676000,1701881999,0,
15670,jup_aa_s0_w3_dmz_2,,,1,,,0,3,DMZ,1700676000,1701881999,1700676000,1701881999,0,
15671,jup_aa_s0_w3_dmz_3,,,1,,,0,3,DMZ,1700676000,1701881999,1700676000,1701881999,0,
15672,jup_aa_s0_w3_dmz_4,,,1,,,0,3,DMZ,1700676000,1701881999,1700676000,1701881999,0,
15673,jup_aa_s0_w3_dmz_5,,,1,,,0,3,DMZ,1700676000,1701881999,1700676000,1701881999,0,
15674,jup_aa_s0_w3_dmz_6,,,1,,,0,3,DMZ,1700676000,1701881999,1700676000,1701881999,0,
15675,jup_aa_s0_w3_zm_0,CHALLENGE/JUP_CH_WEEKLY_CHALLENGE_COMPLETED,JUP_OB_WEEKLY/JUP_OB_WEEKLY_CRITICAL_KILLS_DESC,200,2500,,0,3,ZM,1700676000,1701881999,1700676000,1701881999,0,
15676,jup_aa_s0_w3_zm_1,CHALLENGE/JUP_CH_WEEKLY_CHALLENGE_COMPLETED,JUP_OB_WEEKLY/JUP_OB_WEEKLY_AKIMBO_KILLS_DESC,150,5000,,0,3,ZM,1700676000,1701881999,1700676000,1701881999,0,
15677,jup_aa_s0_w3_zm_2,CHALLENGE/JUP_CH_WEEKLY_CHALLENGE_COMPLETED,JUP_OB_WEEKLY/JUP_OB_WEEKLY_MELEE_WEAPON_KILLS_DESC,100,5000,,0,3,ZM,1700676000,1701881999,1700676000,1701881999,0,
15678,jup_aa_s0_w3_zm_3,CHALLENGE/JUP_CH_WEEKLY_CHALLENGE_COMPLETED,JUP_OB_WEEKLY/JUP_OB_WEEKLY_SMG_HIPFIRE_KILLS_DESC,100,5000,,0,3,ZM,1700676000,1701881999,1700676000,1701881999,0,
15679,jup_aa_s0_w3_zm_4,CHALLENGE/JUP_CH_WEEKLY_CHALLENGE_COMPLETED,JUP_OB_WEEKLY/JUP_OB_WEEKLY_SMG_SPECIALS_DESC,10,7500,,0,3,ZM,1700676000,1701881999,1700676000,1701881999,0,
15680,jup_aa_s0_w3_zm_5,CHALLENGE/JUP_CH_WEEKLY_CHALLENGE_COMPLETED,JUP_OB_WEEKLY/JUP_OB_WEEKLY_SMG_MERC_KILLS_DESC,50,7500,,0,3,ZM,1700676000,1701881999,1700676000,1701881999,0,
15681,jup_aa_s0_w3_zm_6,CHALLENGE/JUP_CH_WEEKLY_CHALLENGE_COMPLETED,JUP_OB_WEEKLY/JUP_OB_WEEKLY_SMG_MANGLER_KILLS_DESC,3,10000,,0,3,ZM,1700676000,1701881999,1700676000,1701881999,0,
15619,jup_aa_tracker_s0_w3,,CHALLENGE/JUP_CH_WEEKLY_W3_TRACKER_DESC,5,,48087,0,3,WeeklyTracker,1700676000,1701881999,1700676000,1701881999,0,26988
25554,jup_weekly_ch_s0_mp_w4_d1_kills,CHALLENGE/JUP_CH_WEEKLY_CHALLENGE_COMPLETED,CHALLENGE/JUP_CH_WEEKLY_KILLS_DESC,20,2500,,0,4,MP,1701280800,1701881999,1701280800,1701881999,0,
25555,jup_weekly_ch_s0_mp_w4_d2_300blk_headshots,CHALLENGE/JUP_CH_WEEKLY_CHALLENGE_COMPLETED,CHALLENGE/JUP_CH_WEEKLY_300BLK_HEADSHOTS_DESC,15,5000,,0,4,MP,1701280800,1701881999,1701280800,1701881999,0,
25556,jup_weekly_ch_s0_mp_w4_d2_bromeo2_amp_double_kills,CHALLENGE/JUP_CH_WEEKLY_CHALLENGE_COMPLETED,CHALLENGE/JUP_CH_WEEKLY_BROMEO2_AMP_DOUBLE_KILLS_DESC,5,5000,,0,4,MP,1701280800,1701881999,1701280800,1701881999,0,
25562,jup_weekly_ch_s0_mp_w4_d2_uzulup_akimbo_kills,CHALLENGE/JUP_CH_WEEKLY_CHALLENGE_COMPLETED,CHALLENGE/JUP_CH_WEEKLY_UZULUP_AKIMBO_KILLS_DESC,20,5000,,0,4,MP,1701280800,1701881999,1701280800,1701881999,0,
25559,jup_weekly_ch_s0_mp_w4_d3_300blk_point_blank_kills,CHALLENGE/JUP_CH_WEEKLY_CHALLENGE_COMPLETED,CHALLENGE/JUP_CH_WEEKLY_300BLK_POINT_BLANK_KILLS_DESC,15,7500,,0,4,MP,1701280800,1701881999,1701280800,1701881999,0,
25560,jup_weekly_ch_s0_mp_w4_d3_4_uzulu_akimbo_kills_without_dying,CHALLENGE/JUP_CH_WEEKLY_CHALLENGE_COMPLETED,CHALLENGE/JUP_CH_WEEKLY_4_UZULU_AKIMBO_KILLS_WITHOUT_DYING_DESC,25,7500,,0,4,MP,1701280800,1701881999,1701280800,1701881999,0,
25561,jup_weekly_ch_s0_mp_w4_d4_fury_kills,CHALLENGE/JUP_CH_WEEKLY_CHALLENGE_COMPLETED,CHALLENGE/JUP_CH_WEEKLY_FURY_KILLS_DESC,3,10000,,0,4,MP,1701280800,1701881999,1701280800,1701881999,0,
15647,jup_aa_s0_w4_dmz_0,,,1,,,0,4,DMZ,1701280800,1701881999,1701280800,1701881999,0,
15648,jup_aa_s0_w4_dmz_1,,,1,,,0,4,DMZ,1701280800,1701881999,1701280800,1701881999,0,
15649,jup_aa_s0_w4_dmz_2,,,1,,,0,4,DMZ,1701280800,1701881999,1701280800,1701881999,0,
15650,jup_aa_s0_w4_dmz_3,,,1,,,0,4,DMZ,1701280800,1701881999,1701280800,1701881999,0,
15651,jup_aa_s0_w4_dmz_4,,,1,,,0,4,DMZ,1701280800,1701881999,1701280800,1701881999,0,
15652,jup_aa_s0_w4_dmz_5,,,1,,,0,4,DMZ,1701280800,1701881999,1701280800,1701881999,0,
15653,jup_aa_s0_w4_dmz_6,,,1,,,0,4,DMZ,1701280800,1701881999,1701280800,1701881999,0,
15654,jup_aa_s0_w4_zm_0,CHALLENGE/JUP_CH_WEEKLY_CHALLENGE_COMPLETED,JUP_OB_WEEKLY/JUP_OB_WEEKLY_RARE_OR_HIGHER_KILLS_DESC,150,2500,,0,4,ZM,1701280800,1701881999,1701280800,1701881999,0,
15655,jup_aa_s0_w4_zm_1,CHALLENGE/JUP_CH_WEEKLY_CHALLENGE_COMPLETED,JUP_OB_WEEKLY/JUP_OB_WEEKLY_300BLK_CRITS_DESC,100,5000,,0,4,ZM,1701280800,1701881999,1701280800,1701881999,0,
15656,jup_aa_s0_w4_zm_2,CHALLENGE/JUP_CH_WEEKLY_CHALLENGE_COMPLETED,JUP_OB_WEEKLY/JUP_OB_WEEKLY_BROMEO2_AMP_PAP_KILLS_DESC,150,5000,,0,4,ZM,1701280800,1701881999,1701280800,1701881999,0,
15657,jup_aa_s0_w4_zm_3,CHALLENGE/JUP_CH_WEEKLY_CHALLENGE_COMPLETED,JUP_OB_WEEKLY/JUP_OB_WEEKLY_UZULU_AKIMBO_KILLS_DESC,100,5000,,0,4,ZM,1701280800,1701881999,1701280800,1701881999,0,
15658,jup_aa_s0_w4_zm_4,CHALLENGE/JUP_CH_WEEKLY_CHALLENGE_COMPLETED,JUP_OB_WEEKLY/JUP_OB_WEEKLY_300BLK_JUGGERNOG_KILLS_DESC,150,7500,,0,4,ZM,1701280800,1701881999,1701280800,1701881999,0,
15659,jup_aa_s0_w4_zm_5,CHALLENGE/JUP_CH_WEEKLY_CHALLENGE_COMPLETED,JUP_OB_WEEKLY/JUP_OB_WEEKLY_MEDIUM_OR_HIGH_THREAT_UZULU_AKIMBO_KILLS_DESC,200,7500,,0,4,ZM,1701280800,1701881999,1701280800,1701881999,0,
15660,jup_aa_s0_w4_zm_6,CHALLENGE/JUP_CH_WEEKLY_CHALLENGE_COMPLETED,JUP_OB_WEEKLY/JUP_OB_WEEKLY_WARLORD_KILLS_DESC,1,10000,,0,4,ZM,1701280800,1701881999,1701280800,1701881999,0,
15631,jup_aa_tracker_s0_w4,,CHALLENGE/JUP_CH_WEEKLY_W4_TRACKER_DESC,5,,29641,0,4,WeeklyTracker,1701280800,1701881999,1701280800,1701881999,0,29774+3315+2727+2110
16614,jup_weekly_ch_s1_mp_w1_d1_kills,CHALLENGE/JUP_CH_WEEKLY_W1_CHALLENGE_COMPLETED,CHALLENGE/CHALLENGEJUP_CH_WEEKLY_KILLS_DESC,40,1000,,1,1,MP,1701882000,1707325199,1698358160,1703801359,0,
25723,jup_weekly_ch_s1_mp_w1_d2_ar_acharlie_ads_kills,CHALLENGE/JUP_CH_WEEKLY_W1_CHALLENGE_COMPLETED,CHALLENGE/JUP_CH_WEEKLY_AR_ACHARLIE_ADS_KILLS_DESC,30,5000,,1,1,MP,1701882000,1707325199,1698358160,1703801359,0,
25724,jup_weekly_ch_s1_mp_w1_d2_dmr_or_br_headshots,CHALLENGE/JUP_CH_WEEKLY_W1_CHALLENGE_COMPLETED,CHALLENGE/JUP_CH_WEEKLY_DMR_OR_BR_HEADSHOTS_DESC,20,5000,,1,1,MP,1701882000,1707325199,1698358160,1703801359,0,
25725,jup_weekly_ch_s1_mp_w1_d2_scoped_br_kills,CHALLENGE/JUP_CH_WEEKLY_W1_CHALLENGE_COMPLETED,CHALLENGE/JUP_CH_WEEKLY_SCOPED_BR_KILLS_DESC,20,5000,,1,1,MP,1701882000,1707325199,1698358160,1703801359,0,
16686,jup_weekly_ch_s1_mp_w1_d3_midair_kills,CHALLENGE/JUP_CH_WEEKLY_W1_CHALLENGE_COMPLETED,CHALLENGE/JUP_CH_WEEKLY_MIDAIR_KILLS_DESC,7,7500,,1,1,MP,1701882000,1707325199,1698358160,1703801359,0,
25726,jup_weekly_ch_s1_mp_w1_d3_dmr_longshots,CHALLENGE/JUP_CH_WEEKLY_W1_CHALLENGE_COMPLETED,CHALLENGE/JUP_CH_WEEKLY_DMR_LONGSHOTS_DESC,5,7500,,1,1,MP,1701882000,1707325199,1698358160,1703801359,0,
25727,jup_weekly_ch_s1_mp_w1_d4_3_dmr_kills_without_dying,CHALLENGE/JUP_CH_WEEKLY_W1_CHALLENGE_COMPLETED,CHALLENGE/JUP_CH_WEEKLY_3_DMR_KILLS_WITHOUT_DYING_DESC,3,10000,,1,1,MP,1701882000,1707325199,1698358160,1703801359,0,
23512,jup_weekly_ch_s1_br_w1_d2_northwest_kills,CHALLENGE/JUP_CH_WEEKLY_W1_CHALLENGE_COMPLETED,JUP_CHALLENGE/JUP_BR_WEEKLY_REGIONAL_KILLS_NW_DESC,10,5000,,1,1,BR,1701882000,1707325199,1698358160,1703801359,0,
23513,jup_weekly_ch_s1_br_w1_d3_east_kills,CHALLENGE/JUP_CH_WEEKLY_W1_CHALLENGE_COMPLETED,JUP_CHALLENGE/JUP_BR_WEEKLY_REGIONAL_KILLS_EAST_DESC,10,7500,,1,1,BR,1701882000,1707325199,1698358160,1703801359,0,
23514,jup_weekly_ch_s1_br_w1_d2_south_kills,CHALLENGE/JUP_CH_WEEKLY_W1_CHALLENGE_COMPLETED,JUP_CHALLENGE/JUP_BR_WEEKLY_REGIONAL_KILLS_SOUTH_DESC,10,5000,,1,1,BR,1701882000,1707325199,1698358160,1703801359,0,
23515,jup_weekly_ch_s1_br_w1_d3_center_kills,CHALLENGE/JUP_CH_WEEKLY_W1_CHALLENGE_COMPLETED,JUP_CHALLENGE/JUP_BR_WEEKLY_REGIONAL_KILLS_CENTER_DESC,10,7500,,1,1,BR,1701882000,1707325199,1698358160,1703801359,0,
23516,jup_weekly_ch_s1_br_w1_d4_top_placement,CHALLENGE/JUP_CH_WEEKLY_W1_CHALLENGE_COMPLETED,JUP_CHALLENGE/JUP_BR_WEEKLY_PLACEMENT_DESC,5,10000,,1,1,BR,1701882000,1707325199,1698358160,1703801359,0,
23517,jup_weekly_ch_s1_br_w1_d2_contracts,CHALLENGE/JUP_CH_WEEKLY_W1_CHALLENGE_COMPLETED,JUP_CHALLENGE/JUP_BR_WEEKLY_CONTRACTS_DESC,15,5000,,1,1,BR,1701882000,1707325199,1698358160,1703801359,0,
23518,jup_weekly_ch_s1_br_w1_d1_any_caches,CHALLENGE/JUP_CH_WEEKLY_W1_CHALLENGE_COMPLETED,JUP_CHALLENGE/JUP_BR_WEEKLY_ANY_CACHES_DESC,50,2500,,1,1,BR,1701882000,1707325199,1698358160,1703801359,0,
16600,jup_aa_s1_w1_dmz_0,,,1,,,1,1,DMZ,1701882000,1707325199,1698358160,1703801359,0,
16601,jup_aa_s1_w1_dmz_1,,,1,,,1,1,DMZ,1701882000,1707325199,1698358160,1703801359,0,
16602,jup_aa_s1_w1_dmz_2,,,1,,,1,1,DMZ,1701882000,1707325199,1698358160,1703801359,0,
16603,jup_aa_s1_w1_dmz_3,,,1,,,1,1,DMZ,1701882000,1707325199,1698358160,1703801359,0,
16604,jup_aa_s1_w1_dmz_4,,,1,,,1,1,DMZ,1701882000,1707325199,1698358160,1703801359,0,
16605,jup_aa_s1_w1_dmz_5,,,1,,,1,1,DMZ,1701882000,1707325199,1698358160,1703801359,0,
16606,jup_aa_s1_w1_dmz_6,,,1,,,1,1,DMZ,1701882000,1707325199,1698358160,1703801359,0,
16607,jup_aa_s1_w1_zm_0,CHALLENGE/JUP_CH_WEEKLY_W1_CHALLENGE_COMPLETED,JUP_OB_WEEKLY/JUP_OB_WEEKLY_KILLS_DESC,750,2500,,1,1,ZM,1701882000,1707325199,1698358160,1703801359,0,
16608,jup_aa_s1_w1_zm_1,CHALLENGE/JUP_CH_WEEKLY_W1_CHALLENGE_COMPLETED,JUP_OB_WEEKLY/JUP_OB_WEEKLY_AR_ACHARLIE_ADS_KILLS_DESC,300,5000,,1,1,ZM,1701882000,1707325199,1698358160,1703801359,0,
16609,jup_aa_s1_w1_zm_2,CHALLENGE/JUP_CH_WEEKLY_W1_CHALLENGE_COMPLETED,JUP_OB_WEEKLY/JUP_OB_WEEKLY_DRINK_PERKS_DESC,10,5000,,1,1,ZM,1701882000,1707325199,1698358160,1703801359,0,
16610,jup_aa_s1_w1_zm_3,CHALLENGE/JUP_CH_WEEKLY_W1_CHALLENGE_COMPLETED,JUP_OB_WEEKLY/JUP_OB_WEEKLY_SCOPED_BR_KILLS_DESC,300,5000,,1,1,ZM,1701882000,1707325199,1698358160,1703801359,0,
16611,jup_aa_s1_w1_zm_4,CHALLENGE/JUP_CH_WEEKLY_W1_CHALLENGE_COMPLETED,JUP_OB_WEEKLY/JUP_OB_WEEKLY_PAP_KILLS_DESC,300,7500,,1,1,ZM,1701882000,1707325199,1698358160,1703801359,0,
16612,jup_aa_s1_w1_zm_5,CHALLENGE/JUP_CH_WEEKLY_W1_CHALLENGE_COMPLETED,JUP_OB_WEEKLY/JUP_OB_WEEKLY_DMR_CRITS_DESC,200,7500,,1,1,ZM,1701882000,1707325199,1698358160,1703801359,0,
16613,jup_aa_s1_w1_zm_6,CHALLENGE/JUP_CH_WEEKLY_W1_CHALLENGE_COMPLETED,JUP_OB_WEEKLY/JUP_OB_WEEKLY_DMR_MERC_KILLS_DESC,30,10000,,1,1,ZM,1701882000,1707325199,1698358160,1703801359,0,
16589,jup_aa_tracker_s1_w1,,CHALLENGE/JUP_CH_WEEKLY_W1_TRACKER_DESC,5,,47007,1,1,WeeklyTracker,1701882000,1707325199,1698358160,1703801359,0,39698+49192
25728,jup_weekly_ch_s1_mp_w2_d1_headshots,CHALLENGE/JUP_CH_WEEKLY_W2_CHALLENGE_COMPLETED,CHALLENGE/JUP_CH_WEEKLY_HEADSHOTS_DESC,30,2500,,1,2,MP,1702486800,1707325199,1698962960,1703801359,0,
25740,jup_weekly_ch_s1_mp_w2_d2_lmg_ads_kills,CHALLENGE/JUP_CH_WEEKLY_W2_CHALLENGE_COMPLETED,CHALLENGE/JUP_CH_WEEKLY_LMG_ADS_KILLS_DESC,30,2500,,1,2,MP,1702486800,1707325199,1698962960,1703801359,0,
25730,jup_weekly_ch_s1_mp_w2_d2_pistol_ads_kills,CHALLENGE/JUP_CH_WEEKLY_W2_CHALLENGE_COMPLETED,CHALLENGE/JUP_CH_WEEKLY_PISTOL_ADS_KILLS_DESC,30,2500,,1,2,MP,1702486800,1707325199,1698962960,1703801359,0,
25731,jup_weekly_ch_s1_mp_w2_d2_ar_ads_kills,CHALLENGE/JUP_CH_WEEKLY_W2_CHALLENGE_COMPLETED,CHALLENGE/JUP_CH_WEEKLY_AR_ADS_KILLS_DESC,30,2500,,1,2,MP,1702486800,1707325199,1698962960,1703801359,0,
25732,jup_weekly_ch_s1_mp_w2_d3_dmr_ads_kills,CHALLENGE/JUP_CH_WEEKLY_W2_CHALLENGE_COMPLETED,CHALLENGE/JUP_CH_WEEKLY_DMR_ADS_KILLS_DESC,30,2500,,1,2,MP,1702486800,1707325199,1698962960,1703801359,0,
25733,jup_weekly_ch_s1_mp_w2_d3_br_ads_kills,CHALLENGE/JUP_CH_WEEKLY_W2_CHALLENGE_COMPLETED,CHALLENGE/JUP_CH_WEEKLY_BR_ADS_KILLS_DESC,30,2500,,1,2,MP,1702486800,1707325199,1698962960,1703801359,0,
25734,jup_weekly_ch_s1_mp_w2_d4_sniper_quickscope_kills,CHALLENGE/JUP_CH_WEEKLY_W2_CHALLENGE_COMPLETED,CHALLENGE/JUP_CH_WEEKLY_SNIPER_QUICKSCOPE_KILLS_DESC,20,10000,,1,2,MP,1702486800,1707325199,1698962960,1703801359,0,
23542,jup_weekly_ch_s1_br_w2_d2_northwest_caches,CHALLENGE/JUP_CH_WEEKLY_W2_CHALLENGE_COMPLETED,JUP_CHALLENGE/JUP_BR_WEEKLY_REGIONAL_CACHES_NW_DESC,20,5000,,1,2,BR,1702486800,1707325199,1698962960,1703801359,0,
23543,jup_weekly_ch_s1_br_w2_d3_east_caches,CHALLENGE/JUP_CH_WEEKLY_W2_CHALLENGE_COMPLETED,JUP_CHALLENGE/JUP_BR_WEEKLY_REGIONAL_CACHES_EAST_DESC,20,7500,,1,2,BR,1702486800,1707325199,1698962960,1703801359,0,
23544,jup_weekly_ch_s1_br_w2_d2_south_caches,CHALLENGE/JUP_CH_WEEKLY_W2_CHALLENGE_COMPLETED,JUP_CHALLENGE/JUP_BR_WEEKLY_REGIONAL_CACHES_SOUTH_DESC,20,5000,,1,2,BR,1702486800,1707325199,1698962960,1703801359,0,
23545,jup_weekly_ch_s1_br_w2_d3_center_caches,CHALLENGE/JUP_CH_WEEKLY_W2_CHALLENGE_COMPLETED,JUP_CHALLENGE/JUP_BR_WEEKLY_REGIONAL_CACHES_CENTER_DESC,20,7500,,1,2,BR,1702486800,1707325199,1698962960,1703801359,0,
23546,jup_weekly_ch_s1_br_w2_d4_top_placement,CHALLENGE/JUP_CH_WEEKLY_W2_CHALLENGE_COMPLETED,JUP_CHALLENGE/JUP_BR_WEEKLY_PLACEMENT_DESC,5,10000,,1,2,BR,1702486800,1707325199,1698962960,1703801359,0,
23547,jup_weekly_ch_s1_br_w2_d2_contracts,CHALLENGE/JUP_CH_WEEKLY_W2_CHALLENGE_COMPLETED,JUP_CHALLENGE/JUP_BR_WEEKLY_CONTRACTS_DESC,15,5000,,1,2,BR,1702486800,1707325199,1698962960,1703801359,0,
23548,jup_weekly_ch_s1_br_w2_d1_kill_or_assist,CHALLENGE/JUP_CH_WEEKLY_W2_CHALLENGE_COMPLETED,JUP_CHALLENGE/JUP_BR_WEEKLY_ELIMINATIONS_DESC,40,2500,,1,2,BR,1702486800,1707325199,1698962960,1703801359,0,
16696,jup_aa_s1_w2_dmz_0,,,1,,,1,2,DMZ,1702486800,1707325199,1698962960,1703801359,0,
16697,jup_aa_s1_w2_dmz_1,,,1,,,1,2,DMZ,1702486800,1707325199,1698962960,1703801359,0,
16698,jup_aa_s1_w2_dmz_2,,,1,,,1,2,DMZ,1702486800,1707325199,1698962960,1703801359,0,
16699,jup_aa_s1_w2_dmz_3,,,1,,,1,2,DMZ,1702486800,1707325199,1698962960,1703801359,0,
16700,jup_aa_s1_w2_dmz_4,,,1,,,1,2,DMZ,1702486800,1707325199,1698962960,1703801359,0,
16701,jup_aa_s1_w2_dmz_5,,,1,,,1,2,DMZ,1702486800,1707325199,1698962960,1703801359,0,
16702,jup_aa_s1_w2_dmz_6,,,1,,,1,2,DMZ,1702486800,1707325199,1698962960,1703801359,0,
16703,jup_aa_s1_w2_zm_0,CHALLENGE/JUP_CH_WEEKLY_W2_CHALLENGE_COMPLETED,JUP_OB_WEEKLY/JUP_OB_WEEKLY_CRITICAL_KILLS_DESC,500,2500,,1,2,ZM,1702486800,1707325199,1698962960,1703801359,0,
16704,jup_aa_s1_w2_zm_1,CHALLENGE/JUP_CH_WEEKLY_W2_CHALLENGE_COMPLETED,JUP_OB_WEEKLY/JUP_OB_WEEKLY_ARMORED_ZOMBIE_KILLS_DESC,50,5000,,1,2,ZM,1702486800,1707325199,1698962960,1703801359,0,
16705,jup_aa_s1_w2_zm_2,CHALLENGE/JUP_CH_WEEKLY_W2_CHALLENGE_COMPLETED,JUP_OB_WEEKLY/JUP_OB_WEEKLY_PAP_PISTOL_KILLS_DESC,250,5000,,1,2,ZM,1702486800,1707325199,1698962960,1703801359,0,
16706,jup_aa_s1_w2_zm_3,CHALLENGE/JUP_CH_WEEKLY_W2_CHALLENGE_COMPLETED,JUP_OB_WEEKLY/JUP_OB_WEEKLY_PAP_ASSAULT_RIFLE_KILLS_DESC,250,5000,,1,2,ZM,1702486800,1707325199,1698962960,1703801359,0,
16707,jup_aa_s1_w2_zm_4,CHALLENGE/JUP_CH_WEEKLY_W2_CHALLENGE_COMPLETED,JUP_OB_WEEKLY/JUP_OB_WEEKLY_PAP_MARKSMAN_KILLS_DESC,250,7500,,1,2,ZM,1702486800,1707325199,1698962960,1703801359,0,
16708,jup_aa_s1_w2_zm_5,CHALLENGE/JUP_CH_WEEKLY_W2_CHALLENGE_COMPLETED,JUP_OB_WEEKLY/JUP_OB_WEEKLY_PAP_BATTLE_RIFLE_KILLS_DESC,250,7500,,1,2,ZM,1702486800,1707325199,1698962960,1703801359,0,
16709,jup_aa_s1_w2_zm_6,CHALLENGE/JUP_CH_WEEKLY_W2_CHALLENGE_COMPLETED,JUP_OB_WEEKLY/JUP_OB_WEEKLY_SNIPER_SPECIAL_KILLS_DESC,5,10000,,1,2,ZM,1702486800,1707325199,1698962960,1703801359,0,
16590,jup_aa_tracker_s1_w2,,CHALLENGE/JUP_CH_WEEKLY_W2_TRACKER_DESC,5,,48551,1,2,WeeklyTracker,1702486800,1707325199,1698962960,1703801359,0,
25735,jup_weekly_ch_s1_mp_w3_d1_assists,CHALLENGE/JUP_CH_WEEKLY_W3_CHALLENGE_COMPLETED,CHALLENGE/JUP_CH_WEEKLY_ASSISTS_DESC,25,2500,,1,3,MP,1703091600,1707325199,1699567760,1703801359,0,
25736,jup_weekly_ch_s1_mp_w3_d2_smg_ads,CHALLENGE/JUP_CH_WEEKLY_W3_CHALLENGE_COMPLETED,CHALLENGE/JUP_CH_WEEKLY_SHOTGUN_KILLS_DESC,25,5000,,1,3,MP,1703091600,1707325199,1699567760,1703801359,0,
25744,jup_weekly_ch_s1_mp_w3_d2_weapon_swap_kills,CHALLENGE/JUP_CH_WEEKLY_W3_CHALLENGE_COMPLETED,CHALLENGE/JUP_CH_WEEKLY_WEAPON_SWAP_KILLS_DESC,15,5000,,1,3,MP,1703091600,1707325199,1699567760,1703801359,0,
25745,jup_weekly_ch_s1_mp_w3_d2_sm_charlie3_kills,CHALLENGE/JUP_CH_WEEKLY_W3_CHALLENGE_COMPLETED,CHALLENGE/JUP_CH_WEEKLY_SM_CHARLIE3_KILLS_DESC,30,5000,,1,3,MP,1703091600,1707325199,1699567760,1703801359,0,
25746,jup_weekly_ch_s1_mp_w3_d3_silenced_smg_kills,CHALLENGE/JUP_CH_WEEKLY_W3_CHALLENGE_COMPLETED,CHALLENGE/JUP_CH_WEEKLY_SILENCED_SMG_KILLS_DESC,30,7500,,1,3,MP,1703091600,1707325199,1699567760,1703801359,0,
25747,jup_weekly_ch_s1_mp_w3_d3_smg_headshots,CHALLENGE/JUP_CH_WEEKLY_W3_CHALLENGE_COMPLETED,CHALLENGE/JUP_CH_WEEKLY_SMG_HEADSHOTS_DESC,25,7500,,1,3,MP,1703091600,1707325199,1699567760,1703801359,0,
25748,jup_weekly_ch_s1_mp_w3_d4_sm_charlie3_longshots,CHALLENGE/JUP_CH_WEEKLY_W3_CHALLENGE_COMPLETED,JUP_CHALLENGE/JUP_CH_WEEKLY_SM_SCHARLIE3_LONGSHOTS_DESC,5,10000,,1,3,MP,1703091600,1707325199,1699567760,1703801359,0,
23520,jup_weekly_ch_s1_br_w3_d2_northwest_kills,CHALLENGE/JUP_CH_WEEKLY_W3_CHALLENGE_COMPLETED,JUP_CHALLENGE/JUP_BR_WEEKLY_REGIONAL_KILLS_NW_DESC,10,5000,,1,3,BR,1703091600,1707325199,1699567760,1703801359,0,
23521,jup_weekly_ch_s1_br_w3_d3_east_kills,CHALLENGE/JUP_CH_WEEKLY_W3_CHALLENGE_COMPLETED,JUP_CHALLENGE/JUP_BR_WEEKLY_REGIONAL_KILLS_EAST_DESC,10,7500,,1,3,BR,1703091600,1707325199,1699567760,1703801359,0,
23522,jup_weekly_ch_s1_br_w3_d2_south_kills,CHALLENGE/JUP_CH_WEEKLY_W3_CHALLENGE_COMPLETED,JUP_CHALLENGE/JUP_BR_WEEKLY_REGIONAL_KILLS_SOUTH_DESC,10,5000,,1,3,BR,1703091600,1707325199,1699567760,1703801359,0,
23523,jup_weekly_ch_s1_br_w3_d3_center_kills,CHALLENGE/JUP_CH_WEEKLY_W3_CHALLENGE_COMPLETED,JUP_CHALLENGE/JUP_BR_WEEKLY_REGIONAL_KILLS_CENTER_DESC,10,7500,,1,3,BR,1703091600,1707325199,1699567760,1703801359,0,
23524,jup_weekly_ch_s1_br_w3_d4_top_placement,CHALLENGE/JUP_CH_WEEKLY_W3_CHALLENGE_COMPLETED,JUP_CHALLENGE/JUP_BR_WEEKLY_PLACEMENT_DESC,5,10000,,1,3,BR,1703091600,1707325199,1699567760,1703801359,0,
23525,jup_weekly_ch_s1_br_w3_d2_contracts,CHALLENGE/JUP_CH_WEEKLY_W3_CHALLENGE_COMPLETED,JUP_CHALLENGE/JUP_BR_WEEKLY_CONTRACTS_DESC,15,5000,,1,3,BR,1703091600,1707325199,1699567760,1703801359,0,
23526,jup_weekly_ch_s1_br_w3_d1_any_caches,CHALLENGE/JUP_CH_WEEKLY_W3_CHALLENGE_COMPLETED,JUP_CHALLENGE/JUP_BR_WEEKLY_ANY_CACHES_DESC,50,2500,,1,3,BR,1703091600,1707325199,1699567760,1703801359,0,
16724,jup_aa_s1_w3_dmz_0,,,1,,,1,3,DMZ,1703091600,1707325199,1699567760,1703801359,0,
16725,jup_aa_s1_w3_dmz_1,,,1,,,1,3,DMZ,1703091600,1707325199,1699567760,1703801359,0,
16726,jup_aa_s1_w3_dmz_2,,,1,,,1,3,DMZ,1703091600,1707325199,1699567760,1703801359,0,
16727,jup_aa_s1_w3_dmz_3,,,1,,,1,3,DMZ,1703091600,1707325199,1699567760,1703801359,0,
16728,jup_aa_s1_w3_dmz_4,,,1,,,1,3,DMZ,1703091600,1707325199,1699567760,1703801359,0,
16729,jup_aa_s1_w3_dmz_5,,,1,,,1,3,DMZ,1703091600,1707325199,1699567760,1703801359,0,
16730,jup_aa_s1_w3_dmz_6,,,1,,,1,3,DMZ,1703091600,1707325199,1699567760,1703801359,0,
16731,jup_aa_s1_w3_zm_0,CHALLENGE/JUP_CH_WEEKLY_W3_CHALLENGE_COMPLETED,JUP_OB_WEEKLY/JUP_OB_WEEKLY_CONTRACTS_DESC,10,2500,,1,3,ZM,1703091600,1707325199,1699567760,1703801359,0,
16732,jup_aa_s1_w3_zm_1,CHALLENGE/JUP_CH_WEEKLY_W3_CHALLENGE_COMPLETED,JUP_OB_WEEKLY/JUP_OB_WEEKLY_SMG_ADS_DESC,300,5000,,1,3,ZM,1703091600,1707325199,1699567760,1703801359,0,
16733,jup_aa_s1_w3_zm_2,CHALLENGE/JUP_CH_WEEKLY_W3_CHALLENGE_COMPLETED,JUP_OB_WEEKLY/JUP_OB_WEEKLY_DISCIPLE_KILLS_DESC,3,5000,,1,3,ZM,1703091600,1707325199,1699567760,1703801359,0,
16734,jup_aa_s1_w3_zm_3,CHALLENGE/JUP_CH_WEEKLY_W3_CHALLENGE_COMPLETED,JUP_OB_WEEKLY/JUP_OB_WEEKLY_SM_CHARLIE3_KILLS_DESC,300,5000,,1,3,ZM,1703091600,1707325199,1699567760,1703801359,0,
16735,jup_aa_s1_w3_zm_4,CHALLENGE/JUP_CH_WEEKLY_W3_CHALLENGE_COMPLETED,JUP_OB_WEEKLY/JUP_OB_WEEKLY_SILENCED_SMG_KILLS_DESC,300,7500,,1,3,ZM,1703091600,1707325199,1699567760,1703801359,0,
16736,jup_aa_s1_w3_zm_5,CHALLENGE/JUP_CH_WEEKLY_W3_CHALLENGE_COMPLETED,JUP_OB_WEEKLY/JUP_OB_WEEKLY_SMG_CRITS_DESC,300,7500,,1,3,ZM,1703091600,1707325199,1699567760,1703801359,0,
16737,jup_aa_s1_w3_zm_6,CHALLENGE/JUP_CH_WEEKLY_W3_CHALLENGE_COMPLETED,JUP_OB_WEEKLY/JUP_OB_WEEKLY_SM_CHARLIE3_PAP_KILLS_DESC,300,10000,,1,3,ZM,1703091600,1707325199,1699567760,1703801359,0,
16591,jup_aa_tracker_s1_w3,,CHALLENGE/JUP_CH_WEEKLY_W3_TRACKER_DESC,5,,47015,1,3,WeeklyTracker,1703091600,1707325199,1699567760,1703801359,0,47016+47017+36999+37000
25749,jup_weekly_ch_s1_mp_w4_d1_longshots,CHALLENGE/JUP_CH_WEEKLY_W4_CHALLENGE_COMPLETED,CHALLENGE/JUP_CH_WEEKLY_LONGSHOTS_DESC,10,2500,,1,4,MP,1703696400,1707325199,1700172560,1703801359,0,
25751,jup_weekly_ch_s1_mp_w4_d2_hipfire_ar_kills,CHALLENGE/JUP_CH_WEEKLY_W4_CHALLENGE_COMPLETED,CHALLENGE/JUP_CH_WEEKLY_HIPFIRE_AR_KILLS_DESC,30,5000,,1,4,MP,1703696400,1707325199,1700172560,1703801359,0,
25752,jup_weekly_ch_s1_mp_w4_d2_ar_kills,CHALLENGE/JUP_CH_WEEKLY_W4_CHALLENGE_COMPLETED,CHALLENGE/JUP_CH_WEEKLY_AR_KILLS_DESC,40,5000,,1,4,MP,1703696400,1707325199,1700172560,1703801359,0,
25753,jup_weekly_ch_s1_mp_w4_d2_ar_mag_scope_kills,CHALLENGE/JUP_CH_WEEKLY_W4_CHALLENGE_COMPLETED,CHALLENGE/JUP_CH_WEEKLY_AR_MAG_SCOPE_KILLS_DESC,30,5000,,1,4,MP,1703696400,1707325199,1700172560,1703801359,0,
25754,jup_weekly_ch_s1_mp_w4_d3_ads_shotgun_kills,CHALLENGE/JUP_CH_WEEKLY_W4_CHALLENGE_COMPLETED,CHALLENGE/JUP_CH_WEEKLY_ADS_SHOTGUN_KILLS_DESC,30,7500,,1,4,MP,1703696400,1707325199,1700172560,1703801359,0,
25755,jup_weekly_ch_s1_mp_w4_d3_dmr_mag_scope_kills,CHALLENGE/JUP_CH_WEEKLY_W4_CHALLENGE_COMPLETED,CHALLENGE/JUP_CH_WEEKLY_DMR_MAG_SCOPE_KILLS_DESC,30,7500,,1,4,MP,1703696400,1707325199,1700172560,1703801359,0,
25756,jup_weekly_ch_s1_mp_w4_d4_breath_held_sniper_kills,CHALLENGE/JUP_CH_WEEKLY_W4_CHALLENGE_COMPLETED,CHALLENGE/JUP_CH_WEEKLY_BREATH_HELD_SNIPER_KILLS_DESC,20,10000,,1,4,MP,1703696400,1707325199,1700172560,1703801359,0,
23549,jup_weekly_ch_s1_br_w4_d2_northwest_caches,CHALLENGE/JUP_CH_WEEKLY_W4_CHALLENGE_COMPLETED,JUP_CHALLENGE/JUP_BR_WEEKLY_REGIONAL_CACHES_NW_DESC,20,5000,,1,4,BR,1703696400,1707325199,1700172560,1703801359,0,
23550,jup_weekly_ch_s1_br_w4_d3_east_caches,CHALLENGE/JUP_CH_WEEKLY_W4_CHALLENGE_COMPLETED,JUP_CHALLENGE/JUP_BR_WEEKLY_REGIONAL_CACHES_EAST_DESC,20,7500,,1,4,BR,1703696400,1707325199,1700172560,1703801359,0,
23551,jup_weekly_ch_s1_br_w4_d2_south_caches,CHALLENGE/JUP_CH_WEEKLY_W4_CHALLENGE_COMPLETED,JUP_CHALLENGE/JUP_BR_WEEKLY_REGIONAL_CACHES_SOUTH_DESC,20,5000,,1,4,BR,1703696400,1707325199,1700172560,1703801359,0,
23552,jup_weekly_ch_s1_br_w4_d3_center_caches,CHALLENGE/JUP_CH_WEEKLY_W4_CHALLENGE_COMPLETED,JUP_CHALLENGE/JUP_BR_WEEKLY_REGIONAL_CACHES_CENTER_DESC,20,7500,,1,4,BR,1703696400,1707325199,1700172560,1703801359,0,
23553,jup_weekly_ch_s1_br_w4_d4_top_placement,CHALLENGE/JUP_CH_WEEKLY_W4_CHALLENGE_COMPLETED,JUP_CHALLENGE/JUP_BR_WEEKLY_PLACEMENT_DESC,5,10000,,1,4,BR,1703696400,1707325199,1700172560,1703801359,0,
23554,jup_weekly_ch_s1_br_w4_d2_contracts,CHALLENGE/JUP_CH_WEEKLY_W4_CHALLENGE_COMPLETED,JUP_CHALLENGE/JUP_BR_WEEKLY_CONTRACTS_DESC,15,5000,,1,4,BR,1703696400,1707325199,1700172560,1703801359,0,
23555,jup_weekly_ch_s1_br_w4_d1_kill_or_assist,CHALLENGE/JUP_CH_WEEKLY_W4_CHALLENGE_COMPLETED,JUP_CHALLENGE/JUP_BR_WEEKLY_ELIMINATIONS_DESC,40,2500,,1,4,BR,1703696400,1707325199,1700172560,1703801359,0,
16761,jup_aa_s1_w4_dmz_0,,,1,,,1,4,DMZ,1703696400,1707325199,1700172560,1703801359,0,
16760,jup_aa_s1_w4_dmz_1,,,1,,,1,4,DMZ,1703696400,1707325199,1700172560,1703801359,0,
16759,jup_aa_s1_w4_dmz_2,,,1,,,1,4,DMZ,1703696400,1707325199,1700172560,1703801359,0,
16758,jup_aa_s1_w4_dmz_3,,,1,,,1,4,DMZ,1703696400,1707325199,1700172560,1703801359,0,
16757,jup_aa_s1_w4_dmz_4,,,1,,,1,4,DMZ,1703696400,1707325199,1700172560,1703801359,0,
16756,jup_aa_s1_w4_dmz_5,,,1,,,1,4,DMZ,1703696400,1707325199,1700172560,1703801359,0,
16755,jup_aa_s1_w4_dmz_6,,,1,,,1,4,DMZ,1703696400,1707325199,1700172560,1703801359,0,
16754,jup_aa_s1_w4_zm_0,CHALLENGE/JUP_CH_WEEKLY_W4_CHALLENGE_COMPLETED,JUP_OB_WEEKLY/JUP_OB_WEEKLY_DESTROY_VEHICLES_DESC,5,2500,,1,4,ZM,1703696400,1707325199,1700172560,1703801359,0,
16753,jup_aa_s1_w4_zm_1,CHALLENGE/JUP_CH_WEEKLY_W4_CHALLENGE_COMPLETED,JUP_OB_WEEKLY/JUP_OB_WEEKLY_BR_SPEED_COLA_KILLS_DESC,100,5000,,1,4,ZM,1703696400,1707325199,1700172560,1703801359,0,
16752,jup_aa_s1_w4_zm_2,CHALLENGE/JUP_CH_WEEKLY_W4_CHALLENGE_COMPLETED,JUP_OB_WEEKLY/JUP_OB_WEEKLY_LMG_CRITS_DESC,300,5000,,1,4,ZM,1703696400,1707325199,1700172560,1703801359,0,
16751,jup_aa_s1_w4_zm_3,CHALLENGE/JUP_CH_WEEKLY_W4_CHALLENGE_COMPLETED,JUP_OB_WEEKLY/JUP_OB_WEEKLY_BR_FULL_AUTO_KILL_DESC,300,5000,,1,4,ZM,1703696400,1707325199,1700172560,1703801359,0,
16750,jup_aa_s1_w4_zm_4,CHALLENGE/JUP_CH_WEEKLY_W4_CHALLENGE_COMPLETED,JUP_OB_WEEKLY/JUP_OB_WEEKLY_BR_CYRO_DAMAGE_KILLS_DESC,150,7500,,1,4,ZM,1703696400,1707325199,1700172560,1703801359,0,
16749,jup_aa_s1_w4_zm_5,CHALLENGE/JUP_CH_WEEKLY_W4_CHALLENGE_COMPLETED,JUP_OB_WEEKLY/JUP_OB_WEEKLY_LMG_PAP_KILLS_DESC,300,7500,,1,4,ZM,1703696400,1707325199,1700172560,1703801359,0,
16748,jup_aa_s1_w4_zm_6,CHALLENGE/JUP_CH_WEEKLY_W4_CHALLENGE_COMPLETED,JUP_OB_WEEKLY/JUP_OB_WEEKLY_LMG_DEADSHOT_KILLS_DESC,200,10000,,1,4,ZM,1703696400,1707325199,1700172560,1703801359,0,
16592,jup_aa_tracker_s1_w4,,CHALLENGE/JUP_CH_WEEKLY_W4_TRACKER_DESC,5,,21778,1,4,WeeklyTracker,1703696400,1707325199,1700172560,1703801359,0,
25760,jup_weekly_ch_s1_mp_w5_d1_ads_kills,CHALLENGE/JUP_CH_WEEKLY_W5_CHALLENGE_COMPLETED,CHALLENGE/JUP_CH_WEEKLY_ADS_KILLS_DESC,30,2500,,1,5,MP,1704301200,1707325199,1700777360,1703801359,0,
25761,jup_weekly_ch_s1_mp_w5_d2_battle_rifle_kills,CHALLENGE/JUP_CH_WEEKLY_W5_CHALLENGE_COMPLETED,CHALLENGE/JUP_CH_WEEKLY_BATTLE_RIFLE_KILLS_DESC,30,5000,,1,5,MP,1704301200,1707325199,1700777360,1703801359,0,
25762,jup_weekly_ch_s1_mp_w5_d2_ar_golf36_kills,CHALLENGE/JUP_CH_WEEKLY_W5_CHALLENGE_COMPLETED,CHALLENGE/JUP_CH_WEEKLY_AR_GOLF36_KILLS_DESC,30,5000,,1,5,MP,1704301200,1707325199,1700777360,1703801359,0,
25763,jup_weekly_ch_s1_mp_w5_d2_scoped_ar_kills,CHALLENGE/JUP_CH_WEEKLY_W5_CHALLENGE_COMPLETED,CHALLENGE/JUP_CH_WEEKLY_SCOPED_AR_KILLS_DESC,30,5000,,1,5,MP,1704301200,1707325199,1700777360,1703801359,0,
25764,jup_weekly_ch_s1_mp_w5_d3_ar_golf36_headshots,CHALLENGE/JUP_CH_WEEKLY_W5_CHALLENGE_COMPLETED,CHALLENGE/JUP_CH_WEEKLY_AR_GOLF36_HEADSHOTS_DESC,30,7500,,1,5,MP,1704301200,1707325199,1700777360,1703801359,0,
25765,jup_weekly_ch_s1_mp_w5_d3_ar_golf36_longshot_kills,CHALLENGE/JUP_CH_WEEKLY_W5_CHALLENGE_COMPLETED,CHALLENGE/JUP_CH_WEEKLY_AR_GOLF36_LONGSHOT_KILLS_DESC,10,7500,,1,5,MP,1704301200,1707325199,1700777360,1703801359,0,
25766,jup_weekly_ch_s1_mp_w5_d4_battle_rifle_fury_kills,CHALLENGE/JUP_CH_WEEKLY_W5_CHALLENGE_COMPLETED,CHALLENGE/JUP_CH_WEEKLY_BATTLE_RIFLE_FURY_KILLS_DESC,5,10000,,1,5,MP,1704301200,1707325199,1700777360,1703801359,0,
23527,jup_weekly_ch_s1_br_w5_d2_northwest_kills,CHALLENGE/JUP_CH_WEEKLY_W5_CHALLENGE_COMPLETED,JUP_CHALLENGE/JUP_BR_WEEKLY_REGIONAL_KILLS_NW_DESC,10,5000,,1,5,BR,1704301200,1707325199,1700777360,1703801359,0,
23570,jup_weekly_ch_s1_br_w5_d3_east_kills,CHALLENGE/JUP_CH_WEEKLY_W5_CHALLENGE_COMPLETED,JUP_CHALLENGE/JUP_BR_WEEKLY_REGIONAL_KILLS_EAST_DESC,10,7500,,1,5,BR,1704301200,1707325199,1700777360,1703801359,0,
23529,jup_weekly_ch_s1_br_w5_d2_south_kills,CHALLENGE/JUP_CH_WEEKLY_W5_CHALLENGE_COMPLETED,JUP_CHALLENGE/JUP_BR_WEEKLY_REGIONAL_KILLS_SOUTH_DESC,10,5000,,1,5,BR,1704301200,1707325199,1700777360,1703801359,0,
23530,jup_weekly_ch_s1_br_w5_d3_center_kills,CHALLENGE/JUP_CH_WEEKLY_W5_CHALLENGE_COMPLETED,JUP_CHALLENGE/JUP_BR_WEEKLY_REGIONAL_KILLS_CENTER_DESC,10,7500,,1,5,BR,1704301200,1707325199,1700777360,1703801359,0,
23531,jup_weekly_ch_s1_br_w5_d4_top_placement,CHALLENGE/JUP_CH_WEEKLY_W5_CHALLENGE_COMPLETED,JUP_CHALLENGE/JUP_BR_WEEKLY_PLACEMENT_DESC,5,10000,,1,5,BR,1704301200,1707325199,1700777360,1703801359,0,
23532,jup_weekly_ch_s1_br_w5_d2_contracts,CHALLENGE/JUP_CH_WEEKLY_W5_CHALLENGE_COMPLETED,JUP_CHALLENGE/JUP_BR_WEEKLY_CONTRACTS_DESC,15,5000,,1,5,BR,1704301200,1707325199,1700777360,1703801359,0,
23533,jup_weekly_ch_s1_br_w5_d1_any_caches,CHALLENGE/JUP_CH_WEEKLY_W5_CHALLENGE_COMPLETED,JUP_CHALLENGE/JUP_BR_WEEKLY_ANY_CACHES_DESC,50,2500,,1,5,BR,1704301200,1707325199,1700777360,1703801359,0,
16783,jup_aa_s1_w5_dmz_0,,,1,,,1,5,DMZ,1704301200,1707325199,1700777360,1703801359,0,
16784,jup_aa_s1_w5_dmz_1,,,1,,,1,5,DMZ,1704301200,1707325199,1700777360,1703801359,0,
16786,jup_aa_s1_w5_dmz_2,,,1,,,1,5,DMZ,1704301200,1707325199,1700777360,1703801359,0,
16787,jup_aa_s1_w5_dmz_3,,,1,,,1,5,DMZ,1704301200,1707325199,1700777360,1703801359,0,
16785,jup_aa_s1_w5_dmz_4,,,1,,,1,5,DMZ,1704301200,1707325199,1700777360,1703801359,0,
16788,jup_aa_s1_w5_dmz_5,,,1,,,1,5,DMZ,1704301200,1707325199,1700777360,1703801359,0,
16789,jup_aa_s1_w5_dmz_6,,,1,,,1,5,DMZ,1704301200,1707325199,1700777360,1703801359,0,
16790,jup_aa_s1_w5_zm_0,CHALLENGE/JUP_CH_WEEKLY_W5_CHALLENGE_COMPLETED,JUP_OB_WEEKLY/JUP_OB_WEEKLY_ADS_KILLS_DESC,750,2500,,1,5,ZM,1704301200,1707325199,1700777360,1703801359,0,
16791,jup_aa_s1_w5_zm_1,CHALLENGE/JUP_CH_WEEKLY_W5_CHALLENGE_COMPLETED,JUP_OB_WEEKLY/JUP_OB_WEEKLY_BATTLE_RIFLE_KILLS_DESC,300,5000,,1,5,ZM,1704301200,1707325199,1700777360,1703801359,0,
16792,jup_aa_s1_w5_zm_2,CHALLENGE/JUP_CH_WEEKLY_W5_CHALLENGE_COMPLETED,JUP_OB_WEEKLY/JUP_OB_WEEKLY_AR_GOLF36_KILLS_DESC,250,5000,,1,5,ZM,1704301200,1707325199,1700777360,1703801359,0,
16793,jup_aa_s1_w5_zm_3,CHALLENGE/JUP_CH_WEEKLY_W5_CHALLENGE_COMPLETED,JUP_OB_WEEKLY/JUP_OB_WEEKLY_SCOPED_AR_KILLS_DESC,250,5000,,1,5,ZM,1704301200,1707325199,1700777360,1703801359,0,
16795,jup_aa_s1_w5_zm_4,CHALLENGE/JUP_CH_WEEKLY_W5_CHALLENGE_COMPLETED,JUP_OB_WEEKLY/JUP_OB_WEEKLY_AR_GOLF36_CRITS_DESC,250,7500,,1,5,ZM,1704301200,1707325199,1700777360,1703801359,0,
16794,jup_aa_s1_w5_zm_5,CHALLENGE/JUP_CH_WEEKLY_W5_CHALLENGE_COMPLETED,JUP_OB_WEEKLY/JUP_OB_WEEKLY_AR_GOLF36_PAP_KILLS_DESC,250,7500,,1,5,ZM,1704301200,1707325199,1700777360,1703801359,0,
16796,jup_aa_s1_w5_zm_6,CHALLENGE/JUP_CH_WEEKLY_W5_CHALLENGE_COMPLETED,JUP_OB_WEEKLY/JUP_OB_WEEKLY_BATTLE_RIFLE_MIMIC_KILLS_DESC,3,10000,,1,5,ZM,1704301200,1707325199,1700777360,1703801359,0,
16905,jup_aa_tracker_s1_w5,,CHALLENGE/JUP_CH_WEEKLY_W5_TRACKER_DESC,5,,47001,1,5,WeeklyTracker,1704301200,1707325199,1700777360,1703801359,0,39702+39705+49187
28007,jup_weekly_ch_s1_mp_w6_d1_hipfire_kills,CHALLENGE/JUP_CH_WEEKLY_W6_CHALLENGE_COMPLETED,CHALLENGE/JUP_CH_WEEKLY_HIPFIRE_KILLS_DESC,30,2500,,1,6,MP,1704906000,1707325199,1701382160,1703801359,0,
28008,jup_weekly_ch_s1_mp_w6_d2_lmg_reload_kills,CHALLENGE/JUP_CH_WEEKLY_W6_CHALLENGE_COMPLETED,CHALLENGE/JUP_CH_WEEKLY_LMG_RELOAD_KILLS_DESC,5,5000,,1,6,MP,1704906000,1707325199,1701382160,1703801359,0,
28009,jup_weekly_ch_s1_mp_w6_d2_smg_double_kills,CHALLENGE/JUP_CH_WEEKLY_W6_CHALLENGE_COMPLETED,CHALLENGE/JUP_CH_WEEKLY_SMG_DOUBLE_KILLS_DESC,10,5000,,1,6,MP,1704906000,1707325199,1701382160,1703801359,0,
28010,jup_weekly_ch_s1_mp_w6_d2_lmg_double_kills,CHALLENGE/JUP_CH_WEEKLY_W6_CHALLENGE_COMPLETED,CHALLENGE/JUP_CH_WEEKLY_LMG_DOUBLE_KILLS_DESC,10,5000,,1,6,MP,1704906000,1707325199,1701382160,1703801359,0,
28011,jup_weekly_ch_s1_mp_w6_d3_sm_coscar635_point_blank_kills,CHALLENGE/JUP_CH_WEEKLY_W6_CHALLENGE_COMPLETED,CHALLENGE/JUP_CH_WEEKLY_SM_COSCAR635_POINT_BLANK_KILLS_DESC,15,7500,,1,6,MP,1704906000,1707325199,1701382160,1703801359,0,
28012,jup_weekly_ch_s1_mp_w6_d3_sm_coscar635_moving_kills,CHALLENGE/JUP_CH_WEEKLY_W6_CHALLENGE_COMPLETED,CHALLENGE/JUP_CH_WEEKLY_SM_COSCAR635_MOVING_KILLS_DESC,30,7500,,1,6,MP,1704906000,1707325199,1701382160,1703801359,0,
28013,jup_weekly_ch_s1_mp_w6_d4_3_smg_kills_without_dying,CHALLENGE/JUP_CH_WEEKLY_W6_CHALLENGE_COMPLETED,CHALLENGE/JUP_CH_WEEKLY_3_SMG_KILLS_WITHOUT_DYING_DESC,5,10000,,1,6,MP,1704906000,1707325199,1701382160,1703801359,0,
23556,jup_weekly_ch_s1_br_w6_d2_northwest_caches,CHALLENGE/JUP_CH_WEEKLY_W6_CHALLENGE_COMPLETED,JUP_CHALLENGE/JUP_BR_WEEKLY_REGIONAL_CACHES_NW_DESC,20,5000,,1,6,BR,1704906000,1707325199,1701382160,1703801359,0,
23557,jup_weekly_ch_s1_br_w6_d3_east_caches,CHALLENGE/JUP_CH_WEEKLY_W6_CHALLENGE_COMPLETED,JUP_CHALLENGE/JUP_BR_WEEKLY_REGIONAL_CACHES_EAST_DESC,20,7500,,1,6,BR,1704906000,1707325199,1701382160,1703801359,0,
23558,jup_weekly_ch_s1_br_w6_d2_south_caches,CHALLENGE/JUP_CH_WEEKLY_W6_CHALLENGE_COMPLETED,JUP_CHALLENGE/JUP_BR_WEEKLY_REGIONAL_CACHES_SOUTH_DESC,20,5000,,1,6,BR,1704906000,1707325199,1701382160,1703801359,0,
23559,jup_weekly_ch_s1_br_w6_d3_center_caches,CHALLENGE/JUP_CH_WEEKLY_W6_CHALLENGE_COMPLETED,JUP_CHALLENGE/JUP_BR_WEEKLY_REGIONAL_CACHES_CENTER_DESC,20,7500,,1,6,BR,1704906000,1707325199,1701382160,1703801359,0,
23560,jup_weekly_ch_s1_br_w6_d4_top_placement,CHALLENGE/JUP_CH_WEEKLY_W6_CHALLENGE_COMPLETED,JUP_CHALLENGE/JUP_BR_WEEKLY_PLACEMENT_DESC,5,10000,,1,6,BR,1704906000,1707325199,1701382160,1703801359,0,
23561,jup_weekly_ch_s1_br_w6_d2_contracts,CHALLENGE/JUP_CH_WEEKLY_W6_CHALLENGE_COMPLETED,JUP_CHALLENGE/JUP_BR_WEEKLY_CONTRACTS_DESC,15,5000,,1,6,BR,1704906000,1707325199,1701382160,1703801359,0,
23562,jup_weekly_ch_s1_br_w6_d1_kill_or_assist,CHALLENGE/JUP_CH_WEEKLY_W6_CHALLENGE_COMPLETED,JUP_CHALLENGE/JUP_BR_WEEKLY_ELIMINATIONS_DESC,40,2500,,1,6,BR,1704906000,1707325199,1701382160,1703801359,0,
16824,jup_aa_s1_w6_dmz_0,,,1,,,1,6,DMZ,1704906000,1707325199,1701382160,1703801359,0,
16825,jup_aa_s1_w6_dmz_1,,,1,,,1,6,DMZ,1704906000,1707325199,1701382160,1703801359,0,
16826,jup_aa_s1_w6_dmz_2,,,1,,,1,6,DMZ,1704906000,1707325199,1701382160,1703801359,0,
16827,jup_aa_s1_w6_dmz_3,,,1,,,1,6,DMZ,1704906000,1707325199,1701382160,1703801359,0,
16828,jup_aa_s1_w6_dmz_4,,,1,,,1,6,DMZ,1704906000,1707325199,1701382160,1703801359,0,
16829,jup_aa_s1_w6_dmz_5,,,1,,,1,6,DMZ,1704906000,1707325199,1701382160,1703801359,0,
16830,jup_aa_s1_w6_dmz_6,,,1,,,1,6,DMZ,1704906000,1707325199,1701382160,1703801359,0,
16831,jup_aa_s1_w6_zm_0,CHALLENGE/JUP_CH_WEEKLY_W6_CHALLENGE_COMPLETED,JUP_OB_WEEKLY/JUP_OB_WEEKLY_HIPFIRE_KILLS_DESC,500,2500,,1,6,ZM,1704906000,1707325199,1701382160,1703801359,0,
16832,jup_aa_s1_w6_zm_1,CHALLENGE/JUP_CH_WEEKLY_W6_CHALLENGE_COMPLETED,JUP_OB_WEEKLY/JUP_OB_WEEKLY_LMG_TOXIC_DAMAGE_KILLS_DESC,150,5000,,1,6,ZM,1704906000,1707325199,1701382160,1703801359,0,
16833,jup_aa_s1_w6_zm_2,CHALLENGE/JUP_CH_WEEKLY_W6_CHALLENGE_COMPLETED,JUP_OB_WEEKLY/JUP_OB_WEEKLY_5_SMG_RAPID_KILLS_DESC,15,5000,,1,6,ZM,1704906000,1707325199,1701382160,1703801359,0,
16834,jup_aa_s1_w6_zm_3,CHALLENGE/JUP_CH_WEEKLY_W6_CHALLENGE_COMPLETED,JUP_OB_WEEKLY/JUP_OB_WEEKLY_LMG_SPECIAL_KILLS_DESC,5,5000,,1,6,ZM,1704906000,1707325199,1701382160,1703801359,0,
16835,jup_aa_s1_w6_zm_4,CHALLENGE/JUP_CH_WEEKLY_W6_CHALLENGE_COMPLETED,JUP_OB_WEEKLY/JUP_OB_WEEKLY_SM_COSCAR635_FULL_ATTACHMENTS_KILLS_DESC,300,7500,,1,6,ZM,1704906000,1707325199,1701382160,1703801359,0,
16836,jup_aa_s1_w6_zm_5,CHALLENGE/JUP_CH_WEEKLY_W6_CHALLENGE_COMPLETED,JUP_OB_WEEKLY/JUP_OB_WEEKLY_SM_COSCAR635_MOVING_KILLS_DESC,300,7500,,1,6,ZM,1704906000,1707325199,1701382160,1703801359,0,
16837,jup_aa_s1_w6_zm_6,CHALLENGE/JUP_CH_WEEKLY_W6_CHALLENGE_COMPLETED,JUP_OB_WEEKLY/JUP_OB_WEEKLY_10_SMG_KILLS_WITHOUT_GETTING_HIT_DESC,20,10000,,1,6,ZM,1704906000,1707325199,1701382160,1703801359,0,
16906,jup_aa_tracker_s1_w6,,CHALLENGE/JUP_CH_WEEKLY_W6_TRACKER_DESC,5,,49188,1,6,WeeklyTracker,1704906000,1707325199,1701382160,1703801359,0,36891
28014,jup_weekly_ch_s1_mp_w7_d1_first_blood,CHALLENGE/JUP_CH_WEEKLY_W7_CHALLENGE_COMPLETED,CHALLENGE/JUP_CH_WEEKLY_FIRST_BLOOD_DESC,3,2500,,1,7,MP,1705510800,1707325199,1701986960,1703801359,0,
28015,jup_weekly_ch_s1_mp_w7_d2_jup_jp14_pi_rsierra12_bar_amp_kills,CHALLENGE/JUP_CH_WEEKLY_W7_CHALLENGE_COMPLETED,CHALLENGE/JUP_CH_WEEKLY_JUP_JP14_PI_RSIERRA12_BAR_AMP_KILLS_DESC,20,5000,,1,7,MP,1705510800,1707325199,1701986960,1703801359,0,
28016,jup_weekly_ch_s1_mp_w7_d2_jup_jp01_ar_golf36_bar_amp_kills,CHALLENGE/JUP_CH_WEEKLY_W7_CHALLENGE_COMPLETED,JUP_CHALLENGE/JUP_CH_WEEKLY_JUP_JP01_AR_GOLF36_BAR_AMP_KILLS_DESC,20,5000,,1,7,MP,1705510800,1707325199,1701986960,1703801359,0,
28017,jup_weekly_ch_s1_mp_w7_d2_jup_jp02_sm_scharlie3_bar_amp_kills,CHALLENGE/JUP_CH_WEEKLY_W7_CHALLENGE_COMPLETED,CHALLENGE/JUP_CH_WEEKLY_JUP_JP02_SM_SCHARLIE3_BAR_AMP_KILLS_DESC,20,5000,,1,7,MP,1705510800,1707325199,1701986960,1703801359,0,
28018,jup_weekly_ch_s1_mp_w7_d3_red_dot_pstl_or_tall_kills,CHALLENGE/JUP_CH_WEEKLY_W7_CHALLENGE_COMPLETED,CHALLENGE/JUP_CH_WEEKLY_RED_DOT_PSTL_OR_TALL_KILLS_DESC,30,7500,,1,7,MP,1705510800,1707325199,1701986960,1703801359,0,
28019,jup_weekly_ch_s1_mp_w7_d3_jup_las_fourx01_kills,CHALLENGE/JUP_CH_WEEKLY_W7_CHALLENGE_COMPLETED,CHALLENGE/JUP_CH_WEEKLY_JUP_LAS_FOURX01_KILLS_DESC,30,7500,,1,7,MP,1705510800,1707325199,1701986960,1703801359,0,
28020,jup_weekly_ch_s1_mp_w7_d4_fury_kills,CHALLENGE/JUP_CH_WEEKLY_W7_CHALLENGE_COMPLETED,CHALLENGE/JUP_CH_WEEKLY_FURY_KILLS_DESC,3,10000,,1,7,MP,1705510800,1707325199,1701986960,1703801359,0,
23534,jup_weekly_ch_s1_br_w7_d2_northwest_kills,CHALLENGE/JUP_CH_WEEKLY_W7_CHALLENGE_COMPLETED,JUP_CHALLENGE/JUP_BR_WEEKLY_REGIONAL_KILLS_NW_DESC,10,5000,,1,7,BR,1705510800,1707325199,1701986960,1703801359,0,
23571,jup_weekly_ch_s1_br_w7_d3_east_kills,CHALLENGE/JUP_CH_WEEKLY_W7_CHALLENGE_COMPLETED,JUP_CHALLENGE/JUP_BR_WEEKLY_REGIONAL_KILLS_EAST_DESC,10,7500,,1,7,BR,1705510800,1707325199,1701986960,1703801359,0,
23536,jup_weekly_ch_s1_br_w7_d2_south_kills,CHALLENGE/JUP_CH_WEEKLY_W7_CHALLENGE_COMPLETED,JUP_CHALLENGE/JUP_BR_WEEKLY_REGIONAL_KILLS_SOUTH_DESC,10,5000,,1,7,BR,1705510800,1707325199,1701986960,1703801359,0,
23572,jup_weekly_ch_s1_br_w_d3_center_kills,CHALLENGE/JUP_CH_WEEKLY_W7_CHALLENGE_COMPLETED,JUP_CHALLENGE/JUP_BR_WEEKLY_REGIONAL_KILLS_CENTER_DESC,10,7500,,1,7,BR,1705510800,1707325199,1701986960,1703801359,0,
23538,jup_weekly_ch_s1_br_w7_d4_top_placement,CHALLENGE/JUP_CH_WEEKLY_W7_CHALLENGE_COMPLETED,JUP_CHALLENGE/JUP_BR_WEEKLY_PLACEMENT_COVERT_EXFIL_DESC,5,10000,,1,7,BR,1705510800,1707325199,1701986960,1703801359,0,
23539,jup_weekly_ch_s1_br_w7_d2_contracts,CHALLENGE/JUP_CH_WEEKLY_W7_CHALLENGE_COMPLETED,JUP_CHALLENGE/JUP_BR_WEEKLY_CONTRACTS_DESC,15,5000,,1,7,BR,1705510800,1707325199,1701986960,1703801359,0,
23540,jup_weekly_ch_s1_br_w7_d1_any_caches,CHALLENGE/JUP_CH_WEEKLY_W7_CHALLENGE_COMPLETED,JUP_CHALLENGE/JUP_BR_WEEKLY_ANY_CACHES_DESC,50,2500,,1,7,BR,1705510800,1707325199,1701986960,1703801359,0,
16852,jup_aa_s1_w7_dmz_0,,,1,,,1,7,DMZ,1705510800,1707325199,1701986960,1703801359,0,
16853,jup_aa_s1_w7_dmz_1,,,1,,,1,7,DMZ,1705510800,1707325199,1701986960,1703801359,0,
16854,jup_aa_s1_w7_dmz_2,,,1,,,1,7,DMZ,1705510800,1707325199,1701986960,1703801359,0,
16855,jup_aa_s1_w7_dmz_3,,,1,,,1,7,DMZ,1705510800,1707325199,1701986960,1703801359,0,
16856,jup_aa_s1_w7_dmz_4,,,1,,,1,7,DMZ,1705510800,1707325199,1701986960,1703801359,0,
16857,jup_aa_s1_w7_dmz_5,,,1,,,1,7,DMZ,1705510800,1707325199,1701986960,1703801359,0,
16858,jup_aa_s1_w7_dmz_6,,,1,,,1,7,DMZ,1705510800,1707325199,1701986960,1703801359,0,
16859,jup_aa_s1_w7_zm_0,CHALLENGE/JUP_CH_WEEKLY_W7_CHALLENGE_COMPLETED,JUP_OB_WEEKLY/JUP_OB_WEEKLY_MERC_KILLS_DESC,75,2500,,1,7,ZM,1705510800,1707325199,1701986960,1703801359,0,
16860,jup_aa_s1_w7_zm_1,CHALLENGE/JUP_CH_WEEKLY_W7_CHALLENGE_COMPLETED,JUP_OB_WEEKLY/JUP_OB_WEEKLY_BR_ACHARLIE450_AMP_KILLS_DESC,300,5000,,1,7,ZM,1705510800,1707325199,1701986960,1703801359,0,
16861,jup_aa_s1_w7_zm_2,CHALLENGE/JUP_CH_WEEKLY_W7_CHALLENGE_COMPLETED,JUP_OB_WEEKLY/JUP_OB_WEEKLY_AR_GOLF36_AMP_ADS_KILLS_DESC,300,5000,,1,7,ZM,1705510800,1707325199,1701986960,1703801359,0,
16862,jup_aa_s1_w7_zm_3,CHALLENGE/JUP_CH_WEEKLY_W7_CHALLENGE_COMPLETED,JUP_OB_WEEKLY/JUP_OB_WEEKLY_SM_SCHARLIE_AMP_CRITS_DESC,300,5000,,1,7,ZM,1705510800,1707325199,1701986960,1703801359,0,
16863,jup_aa_s1_w7_zm_4,CHALLENGE/JUP_CH_WEEKLY_W7_CHALLENGE_COMPLETED,JUP_OB_WEEKLY/JUP_OB_WEEKLY_SH_OROMEO_AMP_EPIC_KILLS_DESC,250,7500,,1,7,ZM,1705510800,1707325199,1701986960,1703801359,0,
16864,jup_aa_s1_w7_zm_5,CHALLENGE/JUP_CH_WEEKLY_W7_CHALLENGE_COMPLETED,JUP_OB_WEEKLY/JUP_OB_WEEKLY_CLEAR_ZOMBIE_STRONGHOLDS_DESC,5,7500,,1,7,ZM,1705510800,1707325199,1701986960,1703801359,0,
16865,jup_aa_s1_w7_zm_6,CHALLENGE/JUP_CH_WEEKLY_W7_CHALLENGE_COMPLETED,JUP_OB_WEEKLY/JUP_OB_WEEKLY_FIRE_DAMAGE_KILLS_DESC,500,10000,,1,7,ZM,1705510800,1707325199,1701986960,1703801359,0,
16907,jup_aa_tracker_s1_w7,,CHALLENGE/JUP_CH_WEEKLY_W7_TRACKER_DESC,5,,17198,1,7,WeeklyTracker,1705510800,1707325199,1701986960,1703801359,0,23030+23031+23032+2110
25866,jup_weekly_ch_s1_mp_w8_d1_point_blank_kills,CHALLENGE/JUP_CH_WEEKLY_W8_CHALLENGE_COMPLETED,CHALLENGE/JUP_CH_WEEKLY_POINT_BLANK_KILLS_DESC,20,2500,,1,8,MP,1706115600,1707325199,1702591760,1703801359,0,
25867,jup_weekly_ch_s1_mp_w8_d2_jup_jp14_pi_rsierra12_bar_amp_longshot_kills,CHALLENGE/JUP_CH_WEEKLY_W8_CHALLENGE_COMPLETED,CHALLENGE/JUP_CH_WEEKLY_JUP_JP14_PI_RSIERRA12_BAR_AMP_LONGSHOT_KILLS_DESC,5,5000,,1,8,MP,1706115600,1707325199,1702591760,1703801359,0,
25868,jup_weekly_ch_s1_mp_w8_d2_jup_jp01_ar_golf36_bar_amp_clean_kills,CHALLENGE/JUP_CH_WEEKLY_W8_CHALLENGE_COMPLETED,CHALLENGE/JUP_CH_WEEKLY_JUP_JP01_AR_GOLF36_BAR_AMP_CLEAN_KILLS_DESC,20,5000,,1,8,MP,1706115600,1707325199,1702591760,1703801359,0,
25869,jup_weekly_ch_s1_mp_w8_d2_jup_jp02_sm_scharlie3_bar_amp_ads_kills,CHALLENGE/JUP_CH_WEEKLY_W8_CHALLENGE_COMPLETED,CHALLENGE/JUP_CH_WEEKLY_JUP_JP02_SM_SCHARLIE3_BAR_AMP_ADS_KILLS_DESC,20,5000,,1,8,MP,1706115600,1707325199,1702591760,1703801359,0,
25870,jup_weekly_ch_s1_mp_w8_d3_red_dot_pstl_or_tall_kills_headshot_kills,CHALLENGE/JUP_CH_WEEKLY_W8_CHALLENGE_COMPLETED,CHALLENGE/JUP_CH_WEEKLY_RED_DOT_PSTL_OR_TALL_KILLS_HEADSHOT_KILLS_DESC,15,7500,,1,8,MP,1706115600,1707325199,1702591760,1703801359,0,
25871,jup_weekly_ch_s1_mp_w8_d3_jup_las_fourx01_headshot_kills,CHALLENGE/JUP_CH_WEEKLY_W8_CHALLENGE_COMPLETED,CHALLENGE/JUP_CH_WEEKLY_JUP_LAS_FOURX01_HEADSHOT_KILLS_DESC,15,7500,,1,8,MP,1706115600,1707325199,1702591760,1703801359,0,
25873,jup_weekly_ch_s1_mp_w8_d4_jup_cp01_sm_coscar635_bar_amp_kills_without_dying,CHALLENGE/JUP_CH_WEEKLY_W8_CHALLENGE_COMPLETED,CHALLENGE/JUP_CH_WEEKLY_JUP_CP01_SM_COSCAR635_BAR_AMP_KILLS_WITHOUT_DYING_DESC,5,10000,,1,8,MP,1706115600,1707325199,1702591760,1703801359,0,
23563,jup_weekly_ch_s1_br_w8_d2_northwest_caches,CHALLENGE/JUP_CH_WEEKLY_W8_CHALLENGE_COMPLETED,JUP_CHALLENGE/JUP_BR_WEEKLY_REGIONAL_CACHES_NW_DESC,20,5000,,1,8,BR,1706115600,1707325199,1702591760,1703801359,0,
23564,jup_weekly_ch_s1_br_w8_d3_east_caches,CHALLENGE/JUP_CH_WEEKLY_W8_CHALLENGE_COMPLETED,JUP_CHALLENGE/JUP_BR_WEEKLY_REGIONAL_CACHES_EAST_DESC,20,7500,,1,8,BR,1706115600,1707325199,1702591760,1703801359,0,
23565,jup_weekly_ch_s1_br_w8_d2_south_caches,CHALLENGE/JUP_CH_WEEKLY_W8_CHALLENGE_COMPLETED,JUP_CHALLENGE/JUP_BR_WEEKLY_REGIONAL_CACHES_SOUTH_DESC,20,5000,,1,8,BR,1706115600,1707325199,1702591760,1703801359,0,
23566,jup_weekly_ch_s1_br_w8_d3_center_caches,CHALLENGE/JUP_CH_WEEKLY_W8_CHALLENGE_COMPLETED,JUP_CHALLENGE/JUP_BR_WEEKLY_REGIONAL_CACHES_CENTER_DESC,20,7500,,1,8,BR,1706115600,1707325199,1702591760,1703801359,0,
23567,jup_weekly_ch_s1_br_w8_d4_top_placement,CHALLENGE/JUP_CH_WEEKLY_W8_CHALLENGE_COMPLETED,JUP_CHALLENGE/JUP_BR_WEEKLY_PLACEMENT_COVERT_EXFIL_DESC,5,10000,,1,8,BR,1706115600,1707325199,1702591760,1703801359,0,
23568,jup_weekly_ch_s1_br_w8_d2_contracts,CHALLENGE/JUP_CH_WEEKLY_W8_CHALLENGE_COMPLETED,JUP_CHALLENGE/JUP_BR_WEEKLY_CONTRACTS_DESC,15,5000,,1,8,BR,1706115600,1707325199,1702591760,1703801359,0,
23569,jup_weekly_ch_s1_br_w8_d1_kill_or_assist,CHALLENGE/JUP_CH_WEEKLY_W8_CHALLENGE_COMPLETED,JUP_CHALLENGE/JUP_BR_WEEKLY_ELIMINATIONS_DESC,40,2500,,1,8,BR,1706115600,1707325199,1702591760,1703801359,0,
16882,jup_aa_s1_w8_dmz_0,,,1,,,1,8,DMZ,1706115600,1707325199,1702591760,1703801359,0,
16883,jup_aa_s1_w8_dmz_1,,,1,,,1,8,DMZ,1706115600,1707325199,1702591760,1703801359,0,
16884,jup_aa_s1_w8_dmz_2,,,1,,,1,8,DMZ,1706115600,1707325199,1702591760,1703801359,0,
16885,jup_aa_s1_w8_dmz_3,,,1,,,1,8,DMZ,1706115600,1707325199,1702591760,1703801359,0,
16886,jup_aa_s1_w8_dmz_4,,,1,,,1,8,DMZ,1706115600,1707325199,1702591760,1703801359,0,
16887,jup_aa_s1_w8_dmz_5,,,1,,,1,8,DMZ,1706115600,1707325199,1702591760,1703801359,0,
16888,jup_aa_s1_w8_dmz_6,,,1,,,1,8,DMZ,1706115600,1707325199,1702591760,1703801359,0,
16889,jup_aa_s1_w8_zm_0,CHALLENGE/JUP_CH_WEEKLY_W8_CHALLENGE_COMPLETED,JUP_OB_WEEKLY/JUP_OB_WEEKLY_CRITICAL_KILLS_DESC,500,2500,,1,8,ZM,1706115600,1707325199,1702591760,1703801359,0,
16890,jup_aa_s1_w8_zm_1,CHALLENGE/JUP_CH_WEEKLY_W8_CHALLENGE_COMPLETED,JUP_OB_WEEKLY/JUP_OB_WEEKLY_BR_ACHARLIE450_JUGGERNOG_KILLS_DESC,300,5000,,1,8,ZM,1706115600,1707325199,1702591760,1703801359,0,
16891,jup_aa_s1_w8_zm_2,CHALLENGE/JUP_CH_WEEKLY_W8_CHALLENGE_COMPLETED,JUP_OB_WEEKLY/JUP_OB_WEEKLY_AR_GOLF36_AMP_PAP_KILLS_DESC,200,5000,,1,8,ZM,1706115600,1707325199,1702591760,1703801359,0,
16892,jup_aa_s1_w8_zm_3,CHALLENGE/JUP_CH_WEEKLY_W8_CHALLENGE_COMPLETED,JUP_OB_WEEKLY/JUP_OB_WEEKLY_JUP_ACHARLIED_AMP_STAMINUP_KILLS_DESC,200,5000,,1,8,ZM,1706115600,1707325199,1702591760,1703801359,0,
16893,jup_aa_s1_w8_zm_4,CHALLENGE/JUP_CH_WEEKLY_W8_CHALLENGE_COMPLETED,JUP_OB_WEEKLY/JUP_OB_WEEKLY_SH_OROMEO_AMP_SPECIAL_KILLS_DESC,5,7500,,1,8,ZM,1706115600,1707325199,1702591760,1703801359,0,
16894,jup_aa_s1_w8_zm_5,CHALLENGE/JUP_CH_WEEKLY_W8_CHALLENGE_COMPLETED,JUP_OB_WEEKLY/JUP_OB_WEEKLY_SM_SCHARLIE_AMP_MERC_KILLS_DESC,50,7500,,1,8,ZM,1706115600,1707325199,1702591760,1703801359,0,
16895,jup_aa_s1_w8_zm_6,CHALLENGE/JUP_CH_WEEKLY_W8_CHALLENGE_COMPLETED,JUP_OB_WEEKLY/JUP_OB_WEEKLY_WARLORD_KILLS_DESC,2,10000,,1,8,ZM,1706115600,1707325199,1702591760,1703801359,0,
16909,jup_aa_tracker_s1_w8_2,,CHALLENGE/JUP_CH_WEEKLY_W8_TRACKER_DESC,5,,44207,1,8,WeeklyTracker,1706115600,1707325199,1702591760,1703801359,0,46730+46706+46737+46715+46735+46720+46725+46710
14644,jup_aa_tracker_season_1,,CHALLENGE/JUP_CH_WEEKLY_SEASONAL_TRACKER_DESC,8,,46055,1,1,SeasonTracker,1701882000,1707325199,1698962960,1703801359,0,
28656,jup_aa_s2_w1_mp_0,CHALLENGE/JUP_CH_WEEKLY_W1_CHALLENGE_COMPLETED,JUP_CHALLENGE/JUP_CH_WEEKLY_SILENCED_DMR_KILLS_DESC,30,1000,,2,1,MP,1707321599,1712159999,1703801359,1708639759,0,
28655,jup_aa_s2_w1_mp_1,CHALLENGE/JUP_CH_WEEKLY_W1_CHALLENGE_COMPLETED,JUP_CHALLENGE/JUP_CH_WEEKLY_SHOTGUN_1S1KS_DESC,20,5000,,2,1,MP,1707321599,1712159999,1703801359,1708639759,0,
28654,jup_aa_s2_w1_mp_2,CHALLENGE/JUP_CH_WEEKLY_W1_CHALLENGE_COMPLETED,JUP_CHALLENGE/JUP_CH_WEEKLY_SNIPER_QUICKSCOPES_DESC,15,5000,,2,1,MP,1707321599,1712159999,1703801359,1708639759,0,
28657,jup_aa_s2_w1_mp_3,CHALLENGE/JUP_CH_WEEKLY_W1_CHALLENGE_COMPLETED,JUP_CHALLENGE/JUP_CH_WEEKLY_BR_DOUBLE_KILLS_DESC,7,5000,,2,1,MP,1707321599,1712159999,1703801359,1708639759,0,
28658,jup_aa_s2_w1_mp_4,CHALLENGE/JUP_CH_WEEKLY_W1_CHALLENGE_COMPLETED,JUP_CHALLENGE/JUP_CH_WEEKLY_AR_TRIPLE_KILLS_DESC,5,7500,,2,1,MP,1707321599,1712159999,1703801359,1708639759,0,
28659,jup_aa_s2_w1_mp_5,CHALLENGE/JUP_CH_WEEKLY_W1_CHALLENGE_COMPLETED,JUP_CHALLENGE/JUP_CH_WEEKLY_MAG_SCOPE_LONGSHOTS_DESC,5,7500,,2,1,MP,1707321599,1712159999,1703801359,1708639759,0,
28660,jup_aa_s2_w1_mp_6,CHALLENGE/JUP_CH_WEEKLY_W1_CHALLENGE_COMPLETED,JUP_CHALLENGE/JUP_CH_WEEKLY_SNIPER_COLLATERALS_DESC,3,10000,,2,1,MP,1707321599,1712159999,1703801359,1708639759,0,
28661,jup_aa_s2_w1_br_0,CHALLENGE/JUP_CH_WEEKLY_W1_CHALLENGE_COMPLETED,JUP_CHALLENGE/JUP_BR_WEEKLY_REGIONAL_KILLS_NW_DESC,10,5000,,2,1,BR,1707321599,1712159999,1703801359,1708639759,0,
28662,jup_aa_s2_w1_br_1,CHALLENGE/JUP_CH_WEEKLY_W1_CHALLENGE_COMPLETED,JUP_CHALLENGE/JUP_BR_WEEKLY_REGIONAL_KILLS_EAST_DESC,10,7500,,2,1,BR,1707321599,1712159999,1703801359,1708639759,0,
28663,jup_aa_s2_w1_br_2,CHALLENGE/JUP_CH_WEEKLY_W1_CHALLENGE_COMPLETED,JUP_CHALLENGE/JUP_BR_WEEKLY_REGIONAL_KILLS_SOUTH_DESC,10,5000,,2,1,BR,1707321599,1712159999,1703801359,1708639759,0,
28664,jup_aa_s2_w1_br_3,CHALLENGE/JUP_CH_WEEKLY_W1_CHALLENGE_COMPLETED,JUP_CHALLENGE/JUP_BR_WEEKLY_REGIONAL_KILLS_CENTER_DESC,10,7500,,2,1,BR,1707321599,1712159999,1703801359,1708639759,0,
28665,jup_aa_s2_w1_br_4,CHALLENGE/JUP_CH_WEEKLY_W1_CHALLENGE_COMPLETED,JUP_CHALLENGE/JUP_BR_WEEKLY_PLACEMENT_DESC,5,10000,,2,1,BR,1707321599,1712159999,1703801359,1708639759,0,
28666,jup_aa_s2_w1_br_5,CHALLENGE/JUP_CH_WEEKLY_W1_CHALLENGE_COMPLETED,JUP_CHALLENGE/JUP_BR_WEEKLY_CONTRACTS_DESC,15,5000,,2,1,BR,1707321599,1712159999,1703801359,1708639759,0,
28667,jup_aa_s2_w1_br_6,CHALLENGE/JUP_CH_WEEKLY_W1_CHALLENGE_COMPLETED,JUP_CHALLENGE/JUP_BR_WEEKLY_ANY_CACHES_DESC,50,2500,,2,1,BR,1707321599,1712159999,1703801359,1708639759,0,
28652,jup_aa_s2_w1_zm_0,CHALLENGE/JUP_CH_WEEKLY_W1_CHALLENGE_COMPLETED,JUP_OB_WEEKLY/JUP_OB_WEEKLY_DMR_CRYOFREEZE_KILLS_DESC,200,2500,,2,1,ZM,1707321599,1712159999,1703801359,1708639759,0,
28653,jup_aa_s2_w1_zm_1,CHALLENGE/JUP_CH_WEEKLY_W1_CHALLENGE_COMPLETED,JUP_OB_WEEKLY/JUP_OB_WEEKLY_SHOTGUN_PAP_KILLS_DESC,250,5000,,2,1,ZM,1707321599,1712159999,1703801359,1708639759,0,
28668,jup_aa_s2_w1_zm_2,CHALLENGE/JUP_CH_WEEKLY_W1_CHALLENGE_COMPLETED,JUP_OB_WEEKLY/JUP_OB_WEEKLY_5_BR_RAPID_KILLS_DESC,15,5000,,2,1,ZM,1707321599,1712159999,1703801359,1708639759,0,
28669,jup_aa_s2_w1_zm_3,CHALLENGE/JUP_CH_WEEKLY_W1_CHALLENGE_COMPLETED,JUP_OB_WEEKLY/JUP_OB_WEEKLY_SNIPER_SCOPED_KILLS_DESC,100,5000,,2,1,ZM,1707321599,1712159999,1703801359,1708639759,0,
28670,jup_aa_s2_w1_zm_4,CHALLENGE/JUP_CH_WEEKLY_W1_CHALLENGE_COMPLETED,JUP_OB_WEEKLY/JUP_OB_WEEKLY_AR_10_KILLS_WITHOUT_TAKING_DAMAGE_DESC,20,7500,,2,1,ZM,1707321599,1712159999,1703801359,1708639759,0,
28671,jup_aa_s2_w1_zm_5,CHALLENGE/JUP_CH_WEEKLY_W1_CHALLENGE_COMPLETED,JUP_OB_WEEKLY/JUP_OB_WEEKLY_MANGLER_KILLS_DESC,5,7500,,2,1,ZM,1707321599,1712159999,1703801359,1708639759,0,
28672,jup_aa_s2_w1_zm_6,CHALLENGE/JUP_CH_WEEKLY_W1_CHALLENGE_COMPLETED,JUP_OB_WEEKLY/JUP_OB_WEEKLY_SNIPER_MERC_CRITS_DESC,25,10000,,2,1,ZM,1707321599,1712159999,1703801359,1708639759,0,
28673,jup_aa_tracker_s2_w1,,CHALLENGE/JUP_CH_WEEKLY_W1_TRACKER_DESC,5,,54021,2,1,WeeklyTracker,1707321599,1712159999,1703801359,1708639759,0,54019+54020+47150
28678,jup_aa_s2_w2_mp_0,CHALLENGE/JUP_CH_WEEKLY_W2_CHALLENGE_COMPLETED,JUP_CHALLENGE/JUP_CH_WEEKLY_ALTERNATE_AMMO_KILLS_DESC,30,2500,,2,2,MP,1707926399,1712159999,1704406159,1708639759,0,
28679,jup_aa_s2_w2_mp_1,CHALLENGE/JUP_CH_WEEKLY_W2_CHALLENGE_COMPLETED,JUP_CHALLENGE/JUP_CH_WEEKLY_UNDERBARREL_ATTACHMENT_KILLS_DESC,20,5000,,2,2,MP,1707926399,1712159999,1704406159,1708639759,0,
28680,jup_aa_s2_w2_mp_2,CHALLENGE/JUP_CH_WEEKLY_W2_CHALLENGE_COMPLETED,JUP_CHALLENGE/JUP_CH_WEEKLY_GUN_BUTT_MELEE_KILLS_DESC,10,5000,,2,2,MP,1707926399,1712159999,1704406159,1708639759,0,
28681,jup_aa_s2_w2_mp_3,CHALLENGE/JUP_CH_WEEKLY_W2_CHALLENGE_COMPLETED,JUP_CHALLENGE/JUP_CH_WEEKLY_THROWING_KNIFE_KILLS_DESC,15,5000,,2,2,MP,1707926399,1712159999,1704406159,1708639759,0,
28682,jup_aa_s2_w2_mp_4,CHALLENGE/JUP_CH_WEEKLY_W2_CHALLENGE_COMPLETED,JUP_CHALLENGE/JUP_CH_WEEKLY_POINT_BLANK_KILLS_DESC,10,7500,,2,2,MP,1707926399,1712159999,1704406159,1708639759,0,
28683,jup_aa_s2_w2_mp_5,CHALLENGE/JUP_CH_WEEKLY_W2_CHALLENGE_COMPLETED,JUP_CHALLENGE/JUP_CH_WEEKLY_FINISHING_MOVES_DESC,10,7500,,2,2,MP,1707926399,1712159999,1704406159,1708639759,0,
28684,jup_aa_s2_w2_mp_6,CHALLENGE/JUP_CH_WEEKLY_W2_CHALLENGE_COMPLETED,JUP_CHALLENGE/JUP_CH_WEEKLY_3_MELEE_KILLS_WITHOUT_DYING_DESC,3,10000,,2,2,MP,1707926399,1712159999,1704406159,1708639759,0,
28843,jup_aa_s2_w2_br_0,CHALLENGE/JUP_CH_WEEKLY_W2_CHALLENGE_COMPLETED,JUP_CHALLENGE/JUP_BR_WEEKLY_REGIONAL_CACHES_NW_DESC,20,5000,,2,2,BR,1707926399,1712159999,1704406159,1708639759,0,
28844,jup_aa_s2_w2_br_1,CHALLENGE/JUP_CH_WEEKLY_W2_CHALLENGE_COMPLETED,JUP_CHALLENGE/JUP_BR_WEEKLY_REGIONAL_CACHES_EAST_DESC,20,7500,,2,2,BR,1707926399,1712159999,1704406159,1708639759,0,
28845,jup_aa_s2_w2_br_2,CHALLENGE/JUP_CH_WEEKLY_W2_CHALLENGE_COMPLETED,JUP_CHALLENGE/JUP_BR_WEEKLY_REGIONAL_CACHES_SOUTH_DESC,20,5000,,2,2,BR,1707926399,1712159999,1704406159,1708639759,0,
28846,jup_aa_s2_w2_br_3,CHALLENGE/JUP_CH_WEEKLY_W2_CHALLENGE_COMPLETED,JUP_CHALLENGE/JUP_BR_WEEKLY_REGIONAL_CACHES_CENTER_DESC,20,7500,,2,2,BR,1707926399,1712159999,1704406159,1708639759,0,
28847,jup_aa_s2_w2_br_4,CHALLENGE/JUP_CH_WEEKLY_W2_CHALLENGE_COMPLETED,JUP_CHALLENGE/JUP_BR_WEEKLY_PLACEMENT_DESC,5,10000,,2,2,BR,1707926399,1712159999,1704406159,1708639759,0,
28848,jup_aa_s2_w2_br_5,CHALLENGE/JUP_CH_WEEKLY_W2_CHALLENGE_COMPLETED,JUP_CHALLENGE/JUP_BR_WEEKLY_CONTRACTS_DESC,15,5000,,2,2,BR,1707926399,1712159999,1704406159,1708639759,0,
28849,jup_aa_s2_w2_br_6,CHALLENGE/JUP_CH_WEEKLY_W2_CHALLENGE_COMPLETED,JUP_CHALLENGE/JUP_BR_WEEKLY_ELIMINATIONS_DESC,40,2500,,2,2,BR,1707926399,1712159999,1704406159,1708639759,0,
28857,jup_aa_s2_w2_zm_0,CHALLENGE/JUP_CH_WEEKLY_W2_CHALLENGE_COMPLETED,JUP_OB_WEEKLY/JUP_OB_WEEKLY_FRENZIED_GUARD_MELEE_KILLS_DESC,50,2500,,2,2,ZM,1707926399,1712159999,1704406159,1708639759,0,
28858,jup_aa_s2_w2_zm_1,CHALLENGE/JUP_CH_WEEKLY_W2_CHALLENGE_COMPLETED,JUP_OB_WEEKLY/JUP_OB_WEEKLY_THROWING_KNIFE_ZOMBIE_KILLS_DESC,10,5000,,2,2,ZM,1707926399,1712159999,1704406159,1708639759,0,
28859,jup_aa_s2_w2_zm_2,CHALLENGE/JUP_CH_WEEKLY_W2_CHALLENGE_COMPLETED,JUP_OB_WEEKLY/JUP_OB_WEEKLY_CRITICAL_KILLS_DESC,500,5000,,2,2,ZM,1707926399,1712159999,1704406159,1708639759,0,
28860,jup_aa_s2_w2_zm_3,CHALLENGE/JUP_CH_WEEKLY_W2_CHALLENGE_COMPLETED,JUP_OB_WEEKLY/JUP_OB_WEEKLY_FOUR_PERK_KILLS_DESC,150,5000,,2,2,ZM,1707926399,1712159999,1704406159,1708639759,0,
28861,jup_aa_s2_w2_zm_4,CHALLENGE/JUP_CH_WEEKLY_W2_CHALLENGE_COMPLETED,JUP_OB_WEEKLY/JUP_OB_WEEKLY_UNDERBARREL_ATTACHMENT_KILL_DESC,250,7500,,2,2,ZM,1707926399,1712159999,1704406159,1708639759,0,
28862,jup_aa_s2_w2_zm_5,CHALLENGE/JUP_CH_WEEKLY_W2_CHALLENGE_COMPLETED,JUP_OB_WEEKLY/JUP_OB_WEEKLY_ABOMIBATION_KILLS_DESC,1,7500,,2,2,ZM,1707926399,1712159999,1704406159,1708639759,0,
28863,jup_aa_s2_w2_zm_6,CHALLENGE/JUP_CH_WEEKLY_W2_CHALLENGE_COMPLETED,JUP_OB_WEEKLY/JUP_OB_WEEKLY_MELEE_10_KILLS_WITHOUT_TAKING_DAMAGE_DESC,20,10000,,2,2,ZM,1707926399,1712159999,1704406159,1708639759,0,
28864,jup_aa_tracker_s2_w2,,CHALLENGE/JUP_CH_WEEKLY_W2_TRACKER_DESC,5,,52788,2,2,WeeklyTracker,1707926399,1712159999,1704406159,1708639759,0,
28865,jup_aa_s2_w3_mp_0,CHALLENGE/JUP_CH_WEEKLY_W3_CHALLENGE_COMPLETED,JUP_CHALLENGE/JUP_CH_WEEKLY_OROMEO12_BAREBONES_KILLS_DESC,30,2500,,2,3,MP,1708531199,1712159999,1705010959,1708639759,0,
28866,jup_aa_s2_w3_mp_1,CHALLENGE/JUP_CH_WEEKLY_W3_CHALLENGE_COMPLETED,JUP_CHALLENGE/JUP_CH_WEEKLY_2_LMG_KILLS_IN_A_MAG_DESC,10,5000,,2,3,MP,1708531199,1712159999,1705010959,1708639759,0,
28867,jup_aa_s2_w3_mp_2,CHALLENGE/JUP_CH_WEEKLY_W3_CHALLENGE_COMPLETED,JUP_CHALLENGE/JUP_CH_WEEKLY_PISTOL_HIPFIRE_KILLS_DESC,20,5000,,2,3,MP,1708531199,1712159999,1705010959,1708639759,0,
28868,jup_aa_s2_w3_mp_3,CHALLENGE/JUP_CH_WEEKLY_W3_CHALLENGE_COMPLETED,JUP_CHALLENGE/JUP_CH_WEEKLY_2_DMR_KILLS_IN_A_MAG_DESC,20,5000,,2,3,MP,1708531199,1712159999,1705010959,1708639759,0,
28869,jup_aa_s2_w3_mp_4,CHALLENGE/JUP_CH_WEEKLY_W3_CHALLENGE_COMPLETED,JUP_CHALLENGE/JUP_CH_WEEKLY_SHOTGUN_POINT_BLANK_KILLS_DESC,10,7500,,2,3,MP,1708531199,1712159999,1705010959,1708639759,0,
28870,jup_aa_s2_w3_mp_5,CHALLENGE/JUP_CH_WEEKLY_W3_CHALLENGE_COMPLETED,JUP_CHALLENGE/JUP_CH_WEEKLY_SHOTGUN_LONGSHOTS_DESC,7,7500,,2,3,MP,1708531199,1712159999,1705010959,1708639759,0,
28871,jup_aa_s2_w3_mp_6,CHALLENGE/JUP_CH_WEEKLY_W3_CHALLENGE_COMPLETED,JUP_CHALLENGE/JUP_CH_WEEKLY_SHOTGUN_TRIPLE_KILLS_DESC,5,10000,,2,3,MP,1708531199,1712159999,1705010959,1708639759,0,
28872,jup_aa_s2_w3_br_0,CHALLENGE/JUP_CH_WEEKLY_W3_CHALLENGE_COMPLETED,JUP_CHALLENGE/JUP_BR_WEEKLY_REGIONAL_KILLS_NW_DESC,10,5000,,2,3,BR,1708531199,1712159999,1705010959,1708639759,0,
28873,jup_aa_s2_w3_br_1,CHALLENGE/JUP_CH_WEEKLY_W3_CHALLENGE_COMPLETED,JUP_CHALLENGE/JUP_BR_WEEKLY_REGIONAL_KILLS_EAST_DESC,10,7500,,2,3,BR,1708531199,1712159999,1705010959,1708639759,0,
28874,jup_aa_s2_w3_br_2,CHALLENGE/JUP_CH_WEEKLY_W3_CHALLENGE_COMPLETED,JUP_CHALLENGE/JUP_BR_WEEKLY_REGIONAL_KILLS_SOUTH_DESC,10,5000,,2,3,BR,1708531199,1712159999,1705010959,1708639759,0,
28875,jup_aa_s2_w3_br_3,CHALLENGE/JUP_CH_WEEKLY_W3_CHALLENGE_COMPLETED,JUP_CHALLENGE/JUP_BR_WEEKLY_REGIONAL_KILLS_CENTER_DESC,10,7500,,2,3,BR,1708531199,1712159999,1705010959,1708639759,0,
28876,jup_aa_s2_w3_br_4,CHALLENGE/JUP_CH_WEEKLY_W3_CHALLENGE_COMPLETED,JUP_CHALLENGE/JUP_BR_WEEKLY_PLACEMENT_DESC,5,10000,,2,3,BR,1708531199,1712159999,1705010959,1708639759,0,
28877,jup_aa_s2_w3_br_5,CHALLENGE/JUP_CH_WEEKLY_W3_CHALLENGE_COMPLETED,JUP_CHALLENGE/JUP_BR_WEEKLY_CONTRACTS_DESC,15,5000,,2,3,BR,1708531199,1712159999,1705010959,1708639759,0,
28878,jup_aa_s2_w3_br_6,CHALLENGE/JUP_CH_WEEKLY_W3_CHALLENGE_COMPLETED,JUP_CHALLENGE/JUP_BR_WEEKLY_ANY_CACHES_DESC,50,2500,,2,3,BR,1708531199,1712159999,1705010959,1708639759,0,
28886,jup_aa_s2_w3_zm_0,CHALLENGE/JUP_CH_WEEKLY_W3_CHALLENGE_COMPLETED,JUP_OB_WEEKLY/JUP_OB_WEEKLY_SHOTGUN_CRITS_DESC,250,2500,,2,3,ZM,1708531199,1712159999,1705010959,1708639759,0,
28887,jup_aa_s2_w3_zm_1,CHALLENGE/JUP_CH_WEEKLY_W3_CHALLENGE_COMPLETED,JUP_OB_WEEKLY/JUP_OB_WEEKLY_SHOTGUN_LEGENDARY_KILLS_DESC,150,5000,,2,3,ZM,1708531199,1712159999,1705010959,1708639759,0,
28888,jup_aa_s2_w3_zm_2,CHALLENGE/JUP_CH_WEEKLY_W3_CHALLENGE_COMPLETED,JUP_OB_WEEKLY/JUP_OB_WEEKLY_DMR_MERC_CRITS_DESC,100,5000,,2,3,ZM,1708531199,1712159999,1705010959,1708639759,0,
28889,jup_aa_s2_w3_zm_3,CHALLENGE/JUP_CH_WEEKLY_W3_CHALLENGE_COMPLETED,JUP_OB_WEEKLY/JUP_OB_WEEKLY_FULL_AUTO_KILLS_DESC,300,5000,,2,3,ZM,1708531199,1712159999,1705010959,1708639759,0,
28890,jup_aa_s2_w3_zm_4,CHALLENGE/JUP_CH_WEEKLY_W3_CHALLENGE_COMPLETED,JUP_OB_WEEKLY/JUP_OB_WEEKLY_SHOTGUN_10_KILLS_WITHOUT_DAMAGE_DESC,20,7500,,2,3,ZM,1708531199,1712159999,1705010959,1708639759,0,
28891,jup_aa_s2_w3_zm_5,CHALLENGE/JUP_CH_WEEKLY_W3_CHALLENGE_COMPLETED,JUP_OB_WEEKLY/JUP_OB_WEEKLY_PISTOL_MERC_KILLS_DESC,50,7500,,2,3,ZM,1708531199,1712159999,1705010959,1708639759,0,
28892,jup_aa_s2_w3_zm_6,CHALLENGE/JUP_CH_WEEKLY_W3_CHALLENGE_COMPLETED,JUP_OB_WEEKLY/JUP_OB_WEEKLY_OROMEO12_HELLHOUND_KILLS_DESC,25,10000,,2,3,ZM,1708531199,1712159999,1705010959,1708639759,0,
28893,jup_aa_tracker_s2_w3,,CHALLENGE/JUP_CH_WEEKLY_W3_TRACKER_DESC,5,,45901,2,3,WeeklyTracker,1708531199,1712159999,1705010959,1708639759,0,45995+30287
28894,jup_aa_s2_w4_mp_0,CHALLENGE/JUP_CH_WEEKLY_W4_CHALLENGE_COMPLETED,JUP_CHALLENGE/JUP_CH_WEEKLY_AKIMBO_KILLS_DESC,20,2500,,2,4,MP,1709135999,1712159999,1705615759,1708639759,0,
28895,jup_aa_s2_w4_mp_1,CHALLENGE/JUP_CH_WEEKLY_W4_CHALLENGE_COMPLETED,JUP_CHALLENGE/JUP_CH_WEEKLY_AR_ALTERNATE_AMMO_KILLS_DESC,30,5000,,2,4,MP,1709135999,1712159999,1705615759,1708639759,0,
28896,jup_aa_s2_w4_mp_2,CHALLENGE/JUP_CH_WEEKLY_W4_CHALLENGE_COMPLETED,JUP_CHALLENGE/JUP_CH_WEEKLY_BAREBONES_CLOSE_CALL_KILLS_DESC,7,5000,,2,4,MP,1709135999,1712159999,1705615759,1708639759,0,
28897,jup_aa_s2_w4_mp_3,CHALLENGE/JUP_CH_WEEKLY_W4_CHALLENGE_COMPLETED,JUP_CHALLENGE/JUP_CH_WEEKLY_AR_TAC_STANCE_KILLS_DESC,20,5000,,2,4,MP,1709135999,1712159999,1705615759,1708639759,0,
28898,jup_aa_s2_w4_mp_4,CHALLENGE/JUP_CH_WEEKLY_W4_CHALLENGE_COMPLETED,JUP_CHALLENGE/JUP_CH_WEEKLY_LMG_SILENCED_CLEAN_KILLS_DESC,15,7500,,2,4,MP,1709135999,1712159999,1705615759,1708639759,0,
28899,jup_aa_s2_w4_mp_5,CHALLENGE/JUP_CH_WEEKLY_W4_CHALLENGE_COMPLETED,JUP_CHALLENGE/JUP_CH_WEEKLY_BR_TRIPLE_KILLS_DESC,3,7500,,2,4,MP,1709135999,1712159999,1705615759,1708639759,0,
28900,jup_aa_s2_w4_mp_6,CHALLENGE/JUP_CH_WEEKLY_W4_CHALLENGE_COMPLETED,JUP_CHALLENGE/JUP_CH_WEEKLY_3_AR_KILLS_WITHOUT_RELOADING_DESC,5,10000,,2,4,MP,1709135999,1712159999,1705615759,1708639759,0,
28901,jup_aa_s2_w4_br_0,CHALLENGE/JUP_CH_WEEKLY_W4_CHALLENGE_COMPLETED,JUP_CHALLENGE/JUP_BR_WEEKLY_REGIONAL_CACHES_NW_DESC,20,5000,,2,4,BR,1709135999,1712159999,1705615759,1708639759,0,
28902,jup_aa_s2_w4_br_1,CHALLENGE/JUP_CH_WEEKLY_W4_CHALLENGE_COMPLETED,JUP_CHALLENGE/JUP_BR_WEEKLY_REGIONAL_CACHES_EAST_DESC,20,7500,,2,4,BR,1709135999,1712159999,1705615759,1708639759,0,
28903,jup_aa_s2_w4_br_2,CHALLENGE/JUP_CH_WEEKLY_W4_CHALLENGE_COMPLETED,JUP_CHALLENGE/JUP_BR_WEEKLY_REGIONAL_CACHES_SOUTH_DESC,20,5000,,2,4,BR,1709135999,1712159999,1705615759,1708639759,0,
28904,jup_aa_s2_w4_br_3,CHALLENGE/JUP_CH_WEEKLY_W4_CHALLENGE_COMPLETED,JUP_CHALLENGE/JUP_BR_WEEKLY_REGIONAL_CACHES_CENTER_DESC,20,7500,,2,4,BR,1709135999,1712159999,1705615759,1708639759,0,
28905,jup_aa_s2_w4_br_4,CHALLENGE/JUP_CH_WEEKLY_W4_CHALLENGE_COMPLETED,JUP_CHALLENGE/JUP_BR_WEEKLY_PLACEMENT_DESC,5,10000,,2,4,BR,1709135999,1712159999,1705615759,1708639759,0,
28906,jup_aa_s2_w4_br_5,CHALLENGE/JUP_CH_WEEKLY_W4_CHALLENGE_COMPLETED,JUP_CHALLENGE/JUP_BR_WEEKLY_CONTRACTS_DESC,15,5000,,2,4,BR,1709135999,1712159999,1705615759,1708639759,0,
28907,jup_aa_s2_w4_br_6,CHALLENGE/JUP_CH_WEEKLY_W4_CHALLENGE_COMPLETED,JUP_CHALLENGE/JUP_BR_WEEKLY_ELIMINATIONS_DESC,40,2500,,2,4,BR,1709135999,1712159999,1705615759,1708639759,0,
28915,jup_aa_s2_w4_zm_0,CHALLENGE/JUP_CH_WEEKLY_W4_CHALLENGE_COMPLETED,JUP_OB_WEEKLY/JUP_OB_WEEKLY_LMG_BRAIN_ROT_KILLS_DESC,100,2500,,2,4,ZM,1709135999,1712159999,1705615759,1708639759,0,
28916,jup_aa_s2_w4_zm_1,CHALLENGE/JUP_CH_WEEKLY_W4_CHALLENGE_COMPLETED,JUP_OB_WEEKLY/JUP_OB_WEEKLY_LMG_SOLDIER_CAPTAIN_KILLS_DESC,10,5000,,2,4,ZM,1709135999,1712159999,1705615759,1708639759,0,
28917,jup_aa_s2_w4_zm_2,CHALLENGE/JUP_CH_WEEKLY_W4_CHALLENGE_COMPLETED,JUP_OB_WEEKLY/JUP_OB_WEEKLY_20_LMG_KILLS_WITHOUT_RELOAD_DESC,10,5000,,2,4,ZM,1709135999,1712159999,1705615759,1708639759,0,
28918,jup_aa_s2_w4_zm_3,CHALLENGE/JUP_CH_WEEKLY_W4_CHALLENGE_COMPLETED,JUP_OB_WEEKLY/JUP_OB_WEEKLY_AR_SPEED_COLA_KILLS_DESC,250,5000,,2,4,ZM,1709135999,1712159999,1705615759,1708639759,0,
28919,jup_aa_s2_w4_zm_4,CHALLENGE/JUP_CH_WEEKLY_W4_CHALLENGE_COMPLETED,JUP_OB_WEEKLY/JUP_OB_WEEKLY_BR_MEDIUM_THREAT_KILLS_DESC,100,7500,,2,4,ZM,1709135999,1712159999,1705615759,1708639759,0,
28920,jup_aa_s2_w4_zm_5,CHALLENGE/JUP_CH_WEEKLY_W4_CHALLENGE_COMPLETED,JUP_OB_WEEKLY/JUP_OB_WEEKLY_LMG_PAP_2_KILLS_DESC,300,7500,,2,4,ZM,1709135999,1712159999,1705615759,1708639759,0,
28921,jup_aa_s2_w4_zm_6,CHALLENGE/JUP_CH_WEEKLY_W4_CHALLENGE_COMPLETED,JUP_OB_WEEKLY/JUP_OB_WEEKLY_AKIMBO_KILLS_DESC,200,10000,,2,4,ZM,1709135999,1712159999,1705615759,1708639759,0,
28922,jup_aa_tracker_s2_w4,,CHALLENGE/JUP_CH_WEEKLY_W4_TRACKER_DESC,5,,53914,2,4,WeeklyTracker,1709135999,1712159999,1705615759,1708639759,0,
15320,jup_aa_tracker_season_2,,CHALLENGE/JUP_CH_WEEKLY_SEASONAL_TRACKER_DESC,8,,53912,2,2,SeasonTracker,1707325200,1712159999,1703801360,1708639759,0,
